impd,date,year,gear,spp,tl,aged,age
GDCL,2022-09-13T00:00:00Z,2022,EF,Bluegill,46,1,0
GDCL,2022-09-13T00:00:00Z,2022,EF,Bluegill,52,1,0
GDCL,2022-09-13T00:00:00Z,2022,EF,Bluegill,46,1,0
GDCL,2022-09-13T00:00:00Z,2022,EF,Bluegill,55,1,0
GDCL,2022-09-13T00:00:00Z,2022,EF,Bluegill,48,1,0
GDCL,2022-09-13T00:00:00Z,2022,EF,Bluegill,47,1,0
HOCB,2022-09-08T00:00:00Z,2022,EF,Bluegill,40,1,0
JWSL,2022-09-27T00:00:00Z,2022,EF,Redear Sunfish,68,1,0
JWSL,2022-09-27T00:00:00Z,2022,EF,Redear Sunfish,68,1,0
JWSL,2022-09-27T00:00:00Z,2022,EF,Redear Sunfish,66,1,0
JWSL,2022-09-27T00:00:00Z,2022,EF,Redear Sunfish,63,1,0
JWSL,2022-09-27T00:00:00Z,2022,EF,Redear Sunfish,62,1,0
JWSL,2022-09-27T00:00:00Z,2022,EF,Redear Sunfish,61,1,0
JWSL,2022-09-27T00:00:00Z,2022,EF,Redear Sunfish,56,1,0
JWSL,2022-09-27T00:00:00Z,2022,EF,Bluegill,53,1,0
MISL,2022-09-23T00:00:00Z,2022,EF,Bluegill,66,1,0
MISL,2022-09-23T00:00:00Z,2022,EF,Bluegill,82,1,0
MISL,2022-09-23T00:00:00Z,2022,EF,Bluegill,70,1,0
MISL,2022-09-23T00:00:00Z,2022,EF,Bluegill,52,1,0
MISL,2022-09-23T00:00:00Z,2022,EF,Bluegill,53,1,0
MISL,2022-09-23T00:00:00Z,2022,EF,Bluegill,59,1,0
MISL,2022-09-23T00:00:00Z,2022,EF,Bluegill,68,1,0
MISL,2022-09-23T00:00:00Z,2022,EF,Bluegill,76,1,0
MISL,2022-09-23T00:00:00Z,2022,EF,Bluegill,64,1,0
MISL,2022-09-23T00:00:00Z,2022,EF,Bluegill,50,1,0
MISL,2022-09-23T00:00:00Z,2022,EF,Bluegill,54,1,0
MISL,2022-09-23T00:00:00Z,2022,EF,Bluegill,71,1,0
MISL,2022-09-23T00:00:00Z,2022,EF,Redear Sunfish,90,1,0
POCL,2022-09-22T00:00:00Z,2022,EF,Bluegill,55,1,0
POCL,2022-09-22T00:00:00Z,2022,EF,Bluegill,59,1,0
PTSB,2022-09-06T00:00:00Z,2022,EF,Bluegill,40,1,0
PTSB,2022-09-06T00:00:00Z,2022,EF,Bluegill,50,1,0
PTSB,2022-09-06T00:00:00Z,2022,EF,Bluegill,40,1,0
PTSB,2022-09-06T00:00:00Z,2022,EF,Bluegill,70,1,0
PTSB,2022-09-06T00:00:00Z,2022,EF,Bluegill,50,1,0
ZPCB,2022-09-28T00:00:00Z,2022,EF,Bluegill,73,1,0
ZPCB,2022-09-28T00:00:00Z,2022,EF,Bluegill,64,1,0
ZPCB,2022-09-28T00:00:00Z,2022,EF,Redear Sunfish,79,1,0
ZPCB,2022-09-28T00:00:00Z,2022,EF,Redear Sunfish,72,1,0
ZPCB,2022-09-28T00:00:00Z,2022,EF,Redear Sunfish,71,1,0
ZPCB,2022-09-28T00:00:00Z,2022,EF,Redear Sunfish,78,1,0
ZPCB,2022-09-28T00:00:00Z,2022,EF,Redear Sunfish,78,1,0
ZPCB,2022-09-28T00:00:00Z,2022,EF,Bluegill,56,1,0
ZPCB,2022-09-28T00:00:00Z,2022,EF,Bluegill,63,1,0
ZPCB,2022-09-28T00:00:00Z,2022,EF,Bluegill,74,1,0
ZPCB,2022-09-28T00:00:00Z,2022,EF,Bluegill,57,1,0
ZPCB,2022-09-28T00:00:00Z,2022,EF,Bluegill,75,1,0
ZPCB,2022-09-28T00:00:00Z,2022,EF,Redear Sunfish,80,1,0
ZPCB,2022-09-28T00:00:00Z,2022,EF,Redear Sunfish,84,1,0
ZPCB,2022-09-28T00:00:00Z,2022,EF,Bluegill,74,1,0
ZPCB,2022-09-28T00:00:00Z,2022,EF,Bluegill,55,1,0
ZPCB,2022-09-28T00:00:00Z,2022,EF,Redear Sunfish,69,1,0
ZPCB,2022-09-28T00:00:00Z,2022,EF,Redear Sunfish,87,1,0
GDCL,2022-09-13T00:00:00Z,2022,EF,Bluegill,73,1,1
GDCL,2022-09-13T00:00:00Z,2022,EF,Bluegill,82,1,1
GDCL,2022-09-13T00:00:00Z,2022,EF,Bluegill,74,1,1
GDCL,2022-09-13T00:00:00Z,2022,EF,Bluegill,95,1,1
GDCL,2022-09-13T00:00:00Z,2022,EF,Bluegill,91,1,1
GDCL,2022-09-13T00:00:00Z,2022,EF,Bluegill,123,1,1
GDCL,2022-09-13T00:00:00Z,2022,EF,Bluegill,89,1,1
GDCL,2022-09-13T00:00:00Z,2022,EF,Bluegill,104,1,1
GDCL,2022-09-13T00:00:00Z,2022,EF,Bluegill,87,1,1
GDCL,2022-09-13T00:00:00Z,2022,EF,Bluegill,72,1,1
GDCL,2022-09-13T00:00:00Z,2022,EF,Bluegill,94,1,1
GDCL,2022-09-13T00:00:00Z,2022,EF,Bluegill,79,1,1
GDCL,2022-09-13T00:00:00Z,2022,EF,Bluegill,108,1,1
GDCL,2022-09-13T00:00:00Z,2022,EF,Bluegill,75,1,1
GDCL,2022-09-13T00:00:00Z,2022,EF,Bluegill,81,1,1
GDCL,2022-09-13T00:00:00Z,2022,EF,Bluegill,103,1,1
GDCL,2022-09-13T00:00:00Z,2022,EF,Bluegill,108,1,1
GDCL,2022-09-13T00:00:00Z,2022,EF,Bluegill,90,1,1
GDCL,2022-09-13T00:00:00Z,2022,EF,Bluegill,72,1,1
GDCL,2022-09-13T00:00:00Z,2022,EF,Bluegill,95,1,1
GDCL,2022-09-13T00:00:00Z,2022,EF,Bluegill,64,1,1
GDCL,2022-09-13T00:00:00Z,2022,EF,Bluegill,123,1,1
GDCL,2022-09-13T00:00:00Z,2022,EF,Bluegill,72,1,1
GDCL,2022-09-13T00:00:00Z,2022,EF,Bluegill,87,1,1
HOCB,2022-09-08T00:00:00Z,2022,EF,Bluegill,68,1,1
HOCB,2022-09-08T00:00:00Z,2022,EF,Bluegill,74,1,1
HOCB,2022-09-08T00:00:00Z,2022,EF,Bluegill,74,1,1
HOCB,2022-09-08T00:00:00Z,2022,EF,Bluegill,68,1,1
HOCB,2022-09-08T00:00:00Z,2022,EF,Bluegill,86,1,1
HOCB,2022-09-08T00:00:00Z,2022,EF,Bluegill,62,1,1
HOCB,2022-09-08T00:00:00Z,2022,EF,Bluegill,68,1,1
HOCB,2022-09-08T00:00:00Z,2022,EF,Bluegill,75,1,1
HOCB,2022-09-08T00:00:00Z,2022,EF,Bluegill,87,1,1
HOCB,2022-09-08T00:00:00Z,2022,EF,Bluegill,83,1,1
HOCB,2022-09-08T00:00:00Z,2022,EF,Bluegill,79,1,1
HOCB,2022-09-08T00:00:00Z,2022,EF,Bluegill,76,1,1
JWSL,2022-09-27T00:00:00Z,2022,EF,Redear Sunfish,180,1,1
JWSL,2022-09-27T00:00:00Z,2022,EF,Redear Sunfish,149,1,1
JWSL,2022-09-27T00:00:00Z,2022,EF,Redear Sunfish,145,1,1
JWSL,2022-09-27T00:00:00Z,2022,EF,Redear Sunfish,144,1,1
JWSL,2022-09-27T00:00:00Z,2022,EF,Redear Sunfish,144,1,1
JWSL,2022-09-27T00:00:00Z,2022,EF,Redear Sunfish,143,1,1
JWSL,2022-09-27T00:00:00Z,2022,EF,Redear Sunfish,142,1,1
JWSL,2022-09-27T00:00:00Z,2022,EF,Redear Sunfish,140,1,1
JWSL,2022-09-27T00:00:00Z,2022,EF,Redear Sunfish,137,1,1
JWSL,2022-09-27T00:00:00Z,2022,EF,Redear Sunfish,131,1,1
JWSL,2022-09-27T00:00:00Z,2022,EF,Redear Sunfish,130,1,1
JWSL,2022-09-27T00:00:00Z,2022,EF,Redear Sunfish,129,1,1
JWSL,2022-09-27T00:00:00Z,2022,EF,Redear Sunfish,129,1,1
JWSL,2022-09-27T00:00:00Z,2022,EF,Redear Sunfish,124,1,1
JWSL,2022-09-27T00:00:00Z,2022,EF,Redear Sunfish,124,1,1
JWSL,2022-09-27T00:00:00Z,2022,EF,Redear Sunfish,122,1,1
JWSL,2022-09-27T00:00:00Z,2022,EF,Redear Sunfish,122,1,1
JWSL,2022-09-27T00:00:00Z,2022,EF,Redear Sunfish,121,1,1
JWSL,2022-09-27T00:00:00Z,2022,EF,Redear Sunfish,121,1,1
JWSL,2022-09-27T00:00:00Z,2022,EF,Redear Sunfish,116,1,1
JWSL,2022-09-27T00:00:00Z,2022,EF,Bluegill,116,1,1
JWSL,2022-09-27T00:00:00Z,2022,EF,Redear Sunfish,115,1,1
JWSL,2022-09-27T00:00:00Z,2022,EF,Redear Sunfish,115,1,1
JWSL,2022-09-27T00:00:00Z,2022,EF,Bluegill,113,1,1
JWSL,2022-09-27T00:00:00Z,2022,EF,Redear Sunfish,112,1,1
JWSL,2022-09-27T00:00:00Z,2022,EF,Redear Sunfish,110,1,1
JWSL,2022-09-27T00:00:00Z,2022,EF,Bluegill,110,1,1
JWSL,2022-09-27T00:00:00Z,2022,EF,Bluegill,109,1,1
JWSL,2022-09-27T00:00:00Z,2022,EF,Redear Sunfish,109,1,1
JWSL,2022-09-27T00:00:00Z,2022,EF,Bluegill,107,1,1
JWSL,2022-09-27T00:00:00Z,2022,EF,Bluegill,106,1,1
JWSL,2022-09-27T00:00:00Z,2022,EF,Bluegill,105,1,1
JWSL,2022-09-27T00:00:00Z,2022,EF,Bluegill,105,1,1
JWSL,2022-09-27T00:00:00Z,2022,EF,Bluegill,102,1,1
JWSL,2022-09-27T00:00:00Z,2022,EF,Bluegill,98,1,1
JWSL,2022-09-27T00:00:00Z,2022,EF,Bluegill,97,1,1
JWSL,2022-09-27T00:00:00Z,2022,EF,Bluegill,96,1,1
JWSL,2022-09-27T00:00:00Z,2022,EF,Bluegill,92,1,1
JWSL,2022-09-27T00:00:00Z,2022,EF,Bluegill,92,1,1
JWSL,2022-09-27T00:00:00Z,2022,EF,Bluegill,90,1,1
JWSL,2022-09-27T00:00:00Z,2022,EF,Bluegill,89,1,1
JWSL,2022-09-27T00:00:00Z,2022,EF,Bluegill,87,1,1
JWSL,2022-09-27T00:00:00Z,2022,EF,Bluegill,86,1,1
JWSL,2022-09-27T00:00:00Z,2022,EF,Bluegill,82,1,1
JWSL,2022-09-27T00:00:00Z,2022,EF,Bluegill,82,1,1
JWSL,2022-09-27T00:00:00Z,2022,EF,Bluegill,79,1,1
JWSL,2022-09-27T00:00:00Z,2022,EF,Bluegill,76,1,1
JWSL,2022-09-27T00:00:00Z,2022,EF,Bluegill,75,1,1
JWSL,2022-09-27T00:00:00Z,2022,EF,Bluegill,75,1,1
JWSL,2022-09-27T00:00:00Z,2022,EF,Bluegill,75,1,1
JWSL,2022-09-27T00:00:00Z,2022,EF,Bluegill,74,1,1
JWSL,2022-09-27T00:00:00Z,2022,EF,Bluegill,73,1,1
JWSL,2022-09-27T00:00:00Z,2022,EF,Bluegill,72,1,1
JWSL,2022-09-27T00:00:00Z,2022,EF,Bluegill,71,1,1
JWSL,2022-09-27T00:00:00Z,2022,EF,Bluegill,70,1,1
LXLX,2022-09-12T00:00:00Z,2022,EF,Bluegill,46,1,1
LXLX,2022-09-12T00:00:00Z,2022,EF,Bluegill,50,1,1
LXLX,2022-09-12T00:00:00Z,2022,EF,Bluegill,52,1,1
LXLX,2022-09-12T00:00:00Z,2022,EF,Bluegill,56,1,1
LXLX,2022-09-12T00:00:00Z,2022,EF,Bluegill,61,1,1
LXLX,2022-09-12T00:00:00Z,2022,EF,Bluegill,65,1,1
LXLX,2022-09-12T00:00:00Z,2022,EF,Bluegill,67,1,1
LXLX,2022-09-12T00:00:00Z,2022,EF,Bluegill,68,1,1
LXLX,2022-09-12T00:00:00Z,2022,EF,Bluegill,69,1,1
LXLX,2022-09-12T00:00:00Z,2022,EF,Bluegill,77,1,1
LXLX,2022-09-12T00:00:00Z,2022,EF,Bluegill,79,1,1
LXLX,2022-09-12T00:00:00Z,2022,EF,Bluegill,80,1,1
LXLX,2022-09-12T00:00:00Z,2022,EF,Bluegill,85,1,1
LXLX,2022-09-12T00:00:00Z,2022,EF,Redear Sunfish,78,1,1
LXLX,2022-09-12T00:00:00Z,2022,EF,Redear Sunfish,101,1,1
LXLX,2022-09-12T00:00:00Z,2022,EF,Redear Sunfish,110,1,1
MISL,2022-09-23T00:00:00Z,2022,EF,Bluegill,99,1,1
MISL,2022-09-23T00:00:00Z,2022,EF,Redear Sunfish,156,1,1
MISL,2022-09-23T00:00:00Z,2022,EF,Redear Sunfish,152,1,1
MISL,2022-09-23T00:00:00Z,2022,EF,Bluegill,118,1,1
MISL,2022-09-23T00:00:00Z,2022,EF,Bluegill,119,1,1
MISL,2022-09-23T00:00:00Z,2022,EF,Bluegill,98,1,1
MISL,2022-09-23T00:00:00Z,2022,EF,Bluegill,85,1,1
MISL,2022-09-23T00:00:00Z,2022,EF,Bluegill,125,1,1
MISL,2022-09-23T00:00:00Z,2022,EF,Bluegill,93,1,1
MISL,2022-09-23T00:00:00Z,2022,EF,Bluegill,75,1,1
MISL,2022-09-23T00:00:00Z,2022,EF,Bluegill,94,1,1
MISL,2022-09-23T00:00:00Z,2022,EF,Bluegill,124,1,1
MISL,2022-09-23T00:00:00Z,2022,EF,Bluegill,134,1,1
MISL,2022-09-23T00:00:00Z,2022,EF,Bluegill,113,1,1
MISL,2022-09-23T00:00:00Z,2022,EF,Bluegill,118,1,1
MISL,2022-09-23T00:00:00Z,2022,EF,Bluegill,99,1,1
MISL,2022-09-23T00:00:00Z,2022,EF,Bluegill,107,1,1
MISL,2022-09-23T00:00:00Z,2022,EF,Bluegill,109,1,1
MISL,2022-09-23T00:00:00Z,2022,EF,Bluegill,130,1,1
MISL,2022-09-23T00:00:00Z,2022,EF,Bluegill,134,1,1
MISL,2022-09-23T00:00:00Z,2022,EF,Bluegill,102,1,1
MISL,2022-09-23T00:00:00Z,2022,EF,Bluegill,113,1,1
MISL,2022-09-23T00:00:00Z,2022,EF,Bluegill,114,1,1
MISL,2022-09-23T00:00:00Z,2022,EF,Bluegill,101,1,1
MISL,2022-09-23T00:00:00Z,2022,EF,Redear Sunfish,154,1,1
MISL,2022-09-23T00:00:00Z,2022,EF,Bluegill,135,1,1
POCL,2022-09-22T00:00:00Z,2022,EF,Bluegill,82,1,1
POCL,2022-09-22T00:00:00Z,2022,EF,Bluegill,85,1,1
POCL,2022-09-22T00:00:00Z,2022,EF,Bluegill,86,1,1
POCL,2022-09-22T00:00:00Z,2022,EF,Bluegill,88,1,1
POCL,2022-09-22T00:00:00Z,2022,EF,Bluegill,90,1,1
POCL,2022-09-22T00:00:00Z,2022,EF,Bluegill,90,1,1
POCL,2022-09-22T00:00:00Z,2022,EF,Bluegill,90,1,1
POCL,2022-09-22T00:00:00Z,2022,EF,Bluegill,92,1,1
POCL,2022-09-22T00:00:00Z,2022,EF,Bluegill,95,1,1
POCL,2022-09-22T00:00:00Z,2022,EF,Bluegill,98,1,1
POCL,2022-09-22T00:00:00Z,2022,EF,Bluegill,104,1,1
POCL,2022-09-22T00:00:00Z,2022,EF,Bluegill,105,1,1
POCL,2022-09-22T00:00:00Z,2022,EF,Bluegill,114,1,1
PTSB,2022-09-06T00:00:00Z,2022,EF,Redear Sunfish,74,1,1
PTSB,2022-09-06T00:00:00Z,2022,EF,Bluegill,60,1,1
PTSB,2022-09-06T00:00:00Z,2022,EF,Redear Sunfish,70,1,1
PTSB,2022-09-06T00:00:00Z,2022,EF,Redear Sunfish,86,1,1
PTSB,2022-09-06T00:00:00Z,2022,EF,Redear Sunfish,60,1,1
PTSB,2022-09-06T00:00:00Z,2022,EF,Redear Sunfish,88,1,1
PTSB,2022-09-06T00:00:00Z,2022,EF,Redear Sunfish,72,1,1
PTSB,2022-09-06T00:00:00Z,2022,EF,Bluegill,60,1,1
PTSB,2022-09-06T00:00:00Z,2022,EF,Bluegill,80,1,1
PTSB,2022-09-06T00:00:00Z,2022,EF,Bluegill,50,1,1
PTSB,2022-09-06T00:00:00Z,2022,EF,Bluegill,50,1,1
PTSB,2022-09-06T00:00:00Z,2022,EF,Bluegill,50,1,1
PTSB,2022-09-06T00:00:00Z,2022,EF,Redear Sunfish,70,1,1
PTSB,2022-09-06T00:00:00Z,2022,EF,Redear Sunfish,70,1,1
PTSB,2022-09-06T00:00:00Z,2022,EF,Redear Sunfish,60,1,1
PTSB,2022-09-06T00:00:00Z,2022,EF,Redear Sunfish,60,1,1
PTSB,2022-09-06T00:00:00Z,2022,EF,Redear Sunfish,60,1,1
PTSB,2022-09-06T00:00:00Z,2022,EF,Bluegill,70,1,1
PTSB,2022-09-06T00:00:00Z,2022,EF,Bluegill,70,1,1
ZPCB,2022-09-28T00:00:00Z,2022,EF,Bluegill,66,1,1
ZPCB,2022-09-28T00:00:00Z,2022,EF,Bluegill,101,1,1
ZPCB,2022-09-28T00:00:00Z,2022,EF,Bluegill,115,1,1
ZPCB,2022-09-28T00:00:00Z,2022,EF,Bluegill,99,1,1
ZPCB,2022-09-28T00:00:00Z,2022,EF,Bluegill,64,1,1
ZPCB,2022-09-28T00:00:00Z,2022,EF,Bluegill,104,1,1
ZPCB,2022-09-28T00:00:00Z,2022,EF,Bluegill,70,1,1
ZPCB,2022-09-28T00:00:00Z,2022,EF,Redear Sunfish,177,1,1
ZPCB,2022-09-28T00:00:00Z,2022,EF,Redear Sunfish,169,1,1
GDCL,2022-09-13T00:00:00Z,2022,EF,Bluegill,115,1,2
GDCL,2022-09-13T00:00:00Z,2022,EF,Bluegill,132,1,2
GDCL,2022-09-13T00:00:00Z,2022,EF,Bluegill,137,1,2
GDCL,2022-09-13T00:00:00Z,2022,EF,Bluegill,142,1,2
GDCL,2022-09-13T00:00:00Z,2022,EF,Bluegill,141,1,2
GDCL,2022-09-13T00:00:00Z,2022,EF,Bluegill,154,1,2
GDCL,2022-09-13T00:00:00Z,2022,EF,Bluegill,101,1,2
GDCL,2022-09-13T00:00:00Z,2022,EF,Bluegill,140,1,2
GDCL,2022-09-13T00:00:00Z,2022,EF,Bluegill,131,1,2
GDCL,2022-09-13T00:00:00Z,2022,EF,Bluegill,163,1,2
GDCL,2022-09-13T00:00:00Z,2022,EF,Bluegill,132,1,2
GDCL,2022-09-13T00:00:00Z,2022,EF,Bluegill,118,1,2
GDCL,2022-09-13T00:00:00Z,2022,EF,Bluegill,133,1,2
GDCL,2022-09-13T00:00:00Z,2022,EF,Bluegill,141,1,2
GDCL,2022-09-13T00:00:00Z,2022,EF,Bluegill,127,1,2
GDCL,2022-09-13T00:00:00Z,2022,EF,Bluegill,140,1,2
GDCL,2022-09-13T00:00:00Z,2022,EF,Bluegill,135,1,2
GDCL,2022-09-13T00:00:00Z,2022,EF,Bluegill,153,1,2
GDCL,2022-09-13T00:00:00Z,2022,EF,Bluegill,129,1,2
HOCB,2022-09-08T00:00:00Z,2022,EF,Bluegill,98,1,2
HOCB,2022-09-08T00:00:00Z,2022,EF,Bluegill,101,1,2
HOCB,2022-09-08T00:00:00Z,2022,EF,Bluegill,125,1,2
HOCB,2022-09-08T00:00:00Z,2022,EF,Bluegill,120,1,2
HOCB,2022-09-08T00:00:00Z,2022,EF,Bluegill,125,1,2
HOCB,2022-09-08T00:00:00Z,2022,EF,Bluegill,137,1,2
HOCB,2022-09-08T00:00:00Z,2022,EF,Bluegill,93,1,2
HOCB,2022-09-08T00:00:00Z,2022,EF,Bluegill,111,1,2
HOCB,2022-09-08T00:00:00Z,2022,EF,Bluegill,113,1,2
HOCB,2022-09-08T00:00:00Z,2022,EF,Bluegill,123,1,2
HOCB,2022-09-08T00:00:00Z,2022,EF,Bluegill,94,1,2
HOCB,2022-09-08T00:00:00Z,2022,EF,Bluegill,96,1,2
HOCB,2022-09-08T00:00:00Z,2022,EF,Bluegill,99,1,2
HOCB,2022-09-08T00:00:00Z,2022,EF,Bluegill,124,1,2
HOCB,2022-09-08T00:00:00Z,2022,EF,Bluegill,115,1,2
HOCB,2022-09-08T00:00:00Z,2022,EF,Bluegill,147,1,2
HOCB,2022-09-08T00:00:00Z,2022,EF,Bluegill,84,1,2
HOCB,2022-09-08T00:00:00Z,2022,EF,Bluegill,102,1,2
HOCB,2022-09-08T00:00:00Z,2022,EF,Bluegill,127,1,2
HOCB,2022-09-08T00:00:00Z,2022,EF,Bluegill,114,1,2
JWSL,2022-09-27T00:00:00Z,2022,EF,Bluegill,146,1,2
JWSL,2022-09-27T00:00:00Z,2022,EF,Bluegill,144,1,2
JWSL,2022-09-27T00:00:00Z,2022,EF,Bluegill,141,1,2
JWSL,2022-09-27T00:00:00Z,2022,EF,Bluegill,138,1,2
JWSL,2022-09-27T00:00:00Z,2022,EF,Bluegill,138,1,2
JWSL,2022-09-27T00:00:00Z,2022,EF,Bluegill,132,1,2
JWSL,2022-09-27T00:00:00Z,2022,EF,Bluegill,131,1,2
JWSL,2022-09-27T00:00:00Z,2022,EF,Bluegill,130,1,2
JWSL,2022-09-27T00:00:00Z,2022,EF,Bluegill,129,1,2
JWSL,2022-09-27T00:00:00Z,2022,EF,Bluegill,125,1,2
JWSL,2022-09-27T00:00:00Z,2022,EF,Bluegill,124,1,2
JWSL,2022-09-27T00:00:00Z,2022,EF,Bluegill,121,1,2
JWSL,2022-09-27T00:00:00Z,2022,EF,Redear Sunfish,112,1,2
JWSL,2022-09-27T00:00:00Z,2022,EF,Bluegill,94,1,2
JWSL,2022-09-27T00:00:00Z,2022,EF,Bluegill,82,1,2
LXLX,2022-09-12T00:00:00Z,2022,EF,Bluegill,79,1,2
LXLX,2022-09-12T00:00:00Z,2022,EF,Bluegill,83,1,2
LXLX,2022-09-12T00:00:00Z,2022,EF,Bluegill,89,1,2
LXLX,2022-09-12T00:00:00Z,2022,EF,Bluegill,90,1,2
LXLX,2022-09-12T00:00:00Z,2022,EF,Bluegill,93,1,2
LXLX,2022-09-12T00:00:00Z,2022,EF,Bluegill,94,1,2
LXLX,2022-09-12T00:00:00Z,2022,EF,Bluegill,95,1,2
LXLX,2022-09-12T00:00:00Z,2022,EF,Bluegill,96,1,2
LXLX,2022-09-12T00:00:00Z,2022,EF,Bluegill,100,1,2
LXLX,2022-09-12T00:00:00Z,2022,EF,Bluegill,102,1,2
LXLX,2022-09-12T00:00:00Z,2022,EF,Bluegill,104,1,2
LXLX,2022-09-12T00:00:00Z,2022,EF,Redear Sunfish,132,1,2
MISL,2022-09-23T00:00:00Z,2022,EF,Bluegill,144,1,2
MISL,2022-09-23T00:00:00Z,2022,EF,Bluegill,137,1,2
MISL,2022-09-23T00:00:00Z,2022,EF,Bluegill,159,1,2
MISL,2022-09-23T00:00:00Z,2022,EF,Bluegill,140,1,2
MISL,2022-09-23T00:00:00Z,2022,EF,Bluegill,132,1,2
MISL,2022-09-23T00:00:00Z,2022,EF,Bluegill,157,1,2
MISL,2022-09-23T00:00:00Z,2022,EF,Bluegill,129,1,2
MISL,2022-09-23T00:00:00Z,2022,EF,Bluegill,143,1,2
POCL,2022-09-22T00:00:00Z,2022,EF,Bluegill,110,1,2
POCL,2022-09-22T00:00:00Z,2022,EF,Bluegill,110,1,2
POCL,2022-09-22T00:00:00Z,2022,EF,Bluegill,114,1,2
POCL,2022-09-22T00:00:00Z,2022,EF,Bluegill,120,1,2
POCL,2022-09-22T00:00:00Z,2022,EF,Bluegill,124,1,2
POCL,2022-09-22T00:00:00Z,2022,EF,Bluegill,124,1,2
POCL,2022-09-22T00:00:00Z,2022,EF,Bluegill,124,1,2
POCL,2022-09-22T00:00:00Z,2022,EF,Bluegill,130,1,2
POCL,2022-09-22T00:00:00Z,2022,EF,Bluegill,132,1,2
POCL,2022-09-22T00:00:00Z,2022,EF,Bluegill,136,1,2
POCL,2022-09-22T00:00:00Z,2022,EF,Bluegill,137,1,2
POCL,2022-09-22T00:00:00Z,2022,EF,Bluegill,142,1,2
PTSB,2022-09-06T00:00:00Z,2022,EF,Bluegill,70,1,2
PTSB,2022-09-06T00:00:00Z,2022,EF,Redear Sunfish,118,1,2
PTSB,2022-09-06T00:00:00Z,2022,EF,Redear Sunfish,101,1,2
PTSB,2022-09-06T00:00:00Z,2022,EF,Bluegill,70,1,2
PTSB,2022-09-06T00:00:00Z,2022,EF,Redear Sunfish,101,1,2
PTSB,2022-09-06T00:00:00Z,2022,EF,Redear Sunfish,125,1,2
PTSB,2022-09-06T00:00:00Z,2022,EF,Bluegill,85,1,2
PTSB,2022-09-06T00:00:00Z,2022,EF,Redear Sunfish,135,1,2
PTSB,2022-09-06T00:00:00Z,2022,EF,Redear Sunfish,141,1,2
PTSB,2022-09-06T00:00:00Z,2022,EF,Redear Sunfish,160,1,2
PTSB,2022-09-06T00:00:00Z,2022,EF,Bluegill,98,1,2
PTSB,2022-09-06T00:00:00Z,2022,EF,Redear Sunfish,110,1,2
PTSB,2022-09-06T00:00:00Z,2022,EF,Redear Sunfish,142,1,2
PTSB,2022-09-06T00:00:00Z,2022,EF,Bluegill,107,1,2
PTSB,2022-09-06T00:00:00Z,2022,EF,Bluegill,99,1,2
PTSB,2022-09-06T00:00:00Z,2022,EF,Redear Sunfish,125,1,2
PTSB,2022-09-06T00:00:00Z,2022,EF,Redear Sunfish,114,1,2
PTSB,2022-09-06T00:00:00Z,2022,EF,Redear Sunfish,183,1,2
PTSB,2022-09-06T00:00:00Z,2022,EF,Bluegill,80,1,2
PTSB,2022-09-06T00:00:00Z,2022,EF,Bluegill,119,1,2
PTSB,2022-09-06T00:00:00Z,2022,EF,Redear Sunfish,115,1,2
PTSB,2022-09-06T00:00:00Z,2022,EF,Bluegill,81,1,2
PTSB,2022-09-06T00:00:00Z,2022,EF,Redear Sunfish,115,1,2
PTSB,2022-09-06T00:00:00Z,2022,EF,Bluegill,98,1,2
PTSB,2022-09-06T00:00:00Z,2022,EF,Redear Sunfish,107,1,2
PTSB,2022-09-06T00:00:00Z,2022,EF,Bluegill,106,1,2
PTSB,2022-09-06T00:00:00Z,2022,EF,Redear Sunfish,107,1,2
PTSB,2022-09-06T00:00:00Z,2022,EF,Bluegill,75,1,2
PTSB,2022-09-06T00:00:00Z,2022,EF,Redear Sunfish,132,1,2
PTSB,2022-09-06T00:00:00Z,2022,EF,Bluegill,121,1,2
PTSB,2022-09-06T00:00:00Z,2022,EF,Redear Sunfish,147,1,2
PTSB,2022-09-06T00:00:00Z,2022,EF,Redear Sunfish,109,1,2
PTSB,2022-09-06T00:00:00Z,2022,EF,Redear Sunfish,116,1,2
PTSB,2022-09-06T00:00:00Z,2022,EF,Bluegill,77,1,2
PTSB,2022-09-06T00:00:00Z,2022,EF,Redear Sunfish,126,1,2
PTSB,2022-09-06T00:00:00Z,2022,EF,Redear Sunfish,105,1,2
PTSB,2022-09-06T00:00:00Z,2022,EF,Bluegill,82,1,2
PTSB,2022-09-06T00:00:00Z,2022,EF,Bluegill,90,1,2
PTSB,2022-09-06T00:00:00Z,2022,EF,Bluegill,90,1,2
PTSB,2022-09-06T00:00:00Z,2022,EF,Bluegill,90,1,2
PTSB,2022-09-06T00:00:00Z,2022,EF,Bluegill,80,1,2
PTSB,2022-09-06T00:00:00Z,2022,EF,Bluegill,80,1,2
PTSB,2022-09-06T00:00:00Z,2022,EF,Bluegill,60,1,2
PTSB,2022-09-06T00:00:00Z,2022,EF,Bluegill,60,1,2
PTSB,2022-09-06T00:00:00Z,2022,EF,Bluegill,60,1,2
PTSB,2022-09-06T00:00:00Z,2022,EF,Bluegill,60,1,2
PTSB,2022-09-06T00:00:00Z,2022,EF,Bluegill,60,1,2
ZPCB,2022-09-28T00:00:00Z,2022,EF,Bluegill,123,1,2
ZPCB,2022-09-28T00:00:00Z,2022,EF,Bluegill,126,1,2
ZPCB,2022-09-28T00:00:00Z,2022,EF,Bluegill,132,1,2
ZPCB,2022-09-28T00:00:00Z,2022,EF,Bluegill,122,1,2
ZPCB,2022-09-28T00:00:00Z,2022,EF,Bluegill,121,1,2
ZPCB,2022-09-28T00:00:00Z,2022,EF,Redear Sunfish,205,1,2
ZPCB,2022-09-28T00:00:00Z,2022,EF,Redear Sunfish,207,1,2
ZPCB,2022-09-28T00:00:00Z,2022,EF,Redear Sunfish,216,1,2
ZPCB,2022-09-28T00:00:00Z,2022,EF,Redear Sunfish,222,1,2
ZPCB,2022-09-28T00:00:00Z,2022,EF,Redear Sunfish,203,1,2
ZPCB,2022-09-28T00:00:00Z,2022,EF,Redear Sunfish,215,1,2
GDCL,2022-09-13T00:00:00Z,2022,EF,Bluegill,156,1,3
GDCL,2022-09-13T00:00:00Z,2022,EF,Bluegill,190,1,3
GDCL,2022-09-13T00:00:00Z,2022,EF,Bluegill,158,1,3
HOCB,2022-09-08T00:00:00Z,2022,EF,Bluegill,136,1,3
HOCB,2022-09-08T00:00:00Z,2022,EF,Bluegill,147,1,3
HOCB,2022-09-08T00:00:00Z,2022,EF,Bluegill,118,1,3
HOCB,2022-09-08T00:00:00Z,2022,EF,Bluegill,139,1,3
HOCB,2022-09-08T00:00:00Z,2022,EF,Bluegill,158,1,3
HOCB,2022-09-08T00:00:00Z,2022,EF,Bluegill,116,1,3
HOCB,2022-09-08T00:00:00Z,2022,EF,Bluegill,133,1,3
HOCB,2022-09-08T00:00:00Z,2022,EF,Bluegill,145,1,3
HOCB,2022-09-08T00:00:00Z,2022,EF,Bluegill,109,1,3
HOCB,2022-09-08T00:00:00Z,2022,EF,Bluegill,148,1,3
HOCB,2022-09-08T00:00:00Z,2022,EF,Bluegill,140,1,3
JWSL,2022-09-27T00:00:00Z,2022,EF,Redear Sunfish,193,1,3
JWSL,2022-09-27T00:00:00Z,2022,EF,Redear Sunfish,191,1,3
JWSL,2022-09-27T00:00:00Z,2022,EF,Redear Sunfish,188,1,3
JWSL,2022-09-27T00:00:00Z,2022,EF,Bluegill,145,1,3
JWSL,2022-09-27T00:00:00Z,2022,EF,Bluegill,145,1,3
JWSL,2022-09-27T00:00:00Z,2022,EF,Bluegill,127,1,3
JWSL,2022-09-27T00:00:00Z,2022,EF,Bluegill,123,1,3
LXLX,2022-09-12T00:00:00Z,2022,EF,Bluegill,106,1,3
LXLX,2022-09-12T00:00:00Z,2022,EF,Bluegill,142,1,3
LXLX,2022-09-12T00:00:00Z,2022,EF,Bluegill,162,1,3
LXLX,2022-09-12T00:00:00Z,2022,EF,Redear Sunfish,174,1,3
MISL,2022-09-23T00:00:00Z,2022,EF,Bluegill,153,1,3
MISL,2022-09-23T00:00:00Z,2022,EF,Bluegill,170,1,3
MISL,2022-09-23T00:00:00Z,2022,EF,Bluegill,172,1,3
MISL,2022-09-23T00:00:00Z,2022,EF,Bluegill,164,1,3
MISL,2022-09-23T00:00:00Z,2022,EF,Bluegill,164,1,3
MISL,2022-09-23T00:00:00Z,2022,EF,Bluegill,155,1,3
MISL,2022-09-23T00:00:00Z,2022,EF,Bluegill,154,1,3
MISL,2022-09-23T00:00:00Z,2022,EF,Bluegill,148,1,3
MISL,2022-09-23T00:00:00Z,2022,EF,Bluegill,143,1,3
MISL,2022-09-23T00:00:00Z,2022,EF,Bluegill,173,1,3
MISL,2022-09-23T00:00:00Z,2022,EF,Bluegill,148,1,3
POCL,2022-09-22T00:00:00Z,2022,EF,Bluegill,120,1,3
POCL,2022-09-22T00:00:00Z,2022,EF,Bluegill,125,1,3
POCL,2022-09-22T00:00:00Z,2022,EF,Bluegill,130,1,3
POCL,2022-09-22T00:00:00Z,2022,EF,Bluegill,133,1,3
POCL,2022-09-22T00:00:00Z,2022,EF,Bluegill,146,1,3
POCL,2022-09-22T00:00:00Z,2022,EF,Bluegill,150,1,3
POCL,2022-09-22T00:00:00Z,2022,EF,Bluegill,153,1,3
POCL,2022-09-22T00:00:00Z,2022,EF,Bluegill,160,1,3
POCL,2022-09-22T00:00:00Z,2022,EF,Bluegill,165,1,3
POCL,2022-09-22T00:00:00Z,2022,EF,Redear Sunfish,157,1,3
POCL,2022-09-22T00:00:00Z,2022,EF,Redear Sunfish,160,1,3
PTSB,2022-09-06T00:00:00Z,2022,EF,Redear Sunfish,152,1,3
PTSB,2022-09-06T00:00:00Z,2022,EF,Redear Sunfish,143,1,3
PTSB,2022-09-06T00:00:00Z,2022,EF,Redear Sunfish,144,1,3
PTSB,2022-09-06T00:00:00Z,2022,EF,Bluegill,109,1,3
PTSB,2022-09-06T00:00:00Z,2022,EF,Bluegill,143,1,3
PTSB,2022-09-06T00:00:00Z,2022,EF,Redear Sunfish,158,1,3
PTSB,2022-09-06T00:00:00Z,2022,EF,Bluegill,126,1,3
PTSB,2022-09-06T00:00:00Z,2022,EF,Redear Sunfish,205,1,3
PTSB,2022-09-06T00:00:00Z,2022,EF,Redear Sunfish,165,1,3
PTSB,2022-09-06T00:00:00Z,2022,EF,Redear Sunfish,154,1,3
PTSB,2022-09-06T00:00:00Z,2022,EF,Redear Sunfish,170,1,3
PTSB,2022-09-06T00:00:00Z,2022,EF,Redear Sunfish,147,1,3
PTSB,2022-09-06T00:00:00Z,2022,EF,Redear Sunfish,161,1,3
PTSB,2022-09-06T00:00:00Z,2022,EF,Redear Sunfish,152,1,3
PTSB,2022-09-06T00:00:00Z,2022,EF,Redear Sunfish,165,1,3
PTSB,2022-09-06T00:00:00Z,2022,EF,Redear Sunfish,192,1,3
PTSB,2022-09-06T00:00:00Z,2022,EF,Redear Sunfish,151,1,3
ZPCB,2022-09-28T00:00:00Z,2022,EF,Bluegill,152,1,3
ZPCB,2022-09-28T00:00:00Z,2022,EF,Bluegill,143,1,3
ZPCB,2022-09-28T00:00:00Z,2022,EF,Bluegill,161,1,3
ZPCB,2022-09-28T00:00:00Z,2022,EF,Bluegill,150,1,3
ZPCB,2022-09-28T00:00:00Z,2022,EF,Bluegill,147,1,3
ZPCB,2022-09-28T00:00:00Z,2022,EF,Bluegill,147,1,3
ZPCB,2022-09-28T00:00:00Z,2022,EF,Bluegill,148,1,3
ZPCB,2022-09-28T00:00:00Z,2022,EF,Bluegill,129,1,3
ZPCB,2022-09-28T00:00:00Z,2022,EF,Bluegill,152,1,3
ZPCB,2022-09-28T00:00:00Z,2022,EF,Bluegill,121,1,3
ZPCB,2022-09-28T00:00:00Z,2022,EF,Bluegill,130,1,3
ZPCB,2022-09-28T00:00:00Z,2022,EF,Bluegill,157,1,3
ZPCB,2022-09-28T00:00:00Z,2022,EF,Redear Sunfish,253,1,3
ZPCB,2022-09-28T00:00:00Z,2022,EF,Bluegill,140,1,3
ZPCB,2022-09-28T00:00:00Z,2022,EF,Bluegill,135,1,3
ZPCB,2022-09-28T00:00:00Z,2022,EF,Bluegill,140,1,3
ZPCB,2022-09-28T00:00:00Z,2022,EF,Bluegill,136,1,3
ZPCB,2022-09-28T00:00:00Z,2022,EF,Bluegill,160,1,3
ZPCB,2022-09-28T00:00:00Z,2022,EF,Redear Sunfish,248,1,3
ZPCB,2022-09-28T00:00:00Z,2022,EF,Bluegill,149,1,3
ZPCB,2022-09-28T00:00:00Z,2022,EF,Bluegill,137,1,3
GDCL,2022-09-13T00:00:00Z,2022,EF,Bluegill,178,1,4
GDCL,2022-09-13T00:00:00Z,2022,EF,Bluegill,175,1,4
GDCL,2022-09-13T00:00:00Z,2022,EF,Bluegill,166,1,4
GDCL,2022-09-13T00:00:00Z,2022,EF,Bluegill,164,1,4
GDCL,2022-09-13T00:00:00Z,2022,EF,Bluegill,186,1,4
GDCL,2022-09-13T00:00:00Z,2022,EF,Bluegill,182,1,4
GDCL,2022-09-13T00:00:00Z,2022,EF,Bluegill,178,1,4
GDCL,2022-09-13T00:00:00Z,2022,EF,Bluegill,183,1,4
GDCL,2022-09-13T00:00:00Z,2022,EF,Bluegill,168,1,4
HOCB,2022-09-08T00:00:00Z,2022,EF,Bluegill,166,1,4
HOCB,2022-09-08T00:00:00Z,2022,EF,Bluegill,164,1,4
HOCB,2022-09-08T00:00:00Z,2022,EF,Bluegill,155,1,4
HOCB,2022-09-08T00:00:00Z,2022,EF,Bluegill,160,1,4
JWSL,2022-09-27T00:00:00Z,2022,EF,Redear Sunfish,206,1,4
JWSL,2022-09-27T00:00:00Z,2022,EF,Redear Sunfish,205,1,4
JWSL,2022-09-27T00:00:00Z,2022,EF,Redear Sunfish,198,1,4
JWSL,2022-09-27T00:00:00Z,2022,EF,Redear Sunfish,194,1,4
JWSL,2022-09-27T00:00:00Z,2022,EF,Redear Sunfish,192,1,4
JWSL,2022-09-27T00:00:00Z,2022,EF,Bluegill,164,1,4
JWSL,2022-09-27T00:00:00Z,2022,EF,Bluegill,150,1,4
LXLX,2022-09-12T00:00:00Z,2022,EF,Bluegill,121,1,4
LXLX,2022-09-12T00:00:00Z,2022,EF,Redear Sunfish,171,1,4
LXLX,2022-09-12T00:00:00Z,2022,EF,Redear Sunfish,177,1,4
LXLX,2022-09-12T00:00:00Z,2022,EF,Redear Sunfish,187,1,4
LXLX,2022-09-12T00:00:00Z,2022,EF,Redear Sunfish,195,1,4
LXLX,2022-09-12T00:00:00Z,2022,EF,Redear Sunfish,197,1,4
MISL,2022-09-23T00:00:00Z,2022,EF,Bluegill,159,1,4
MISL,2022-09-23T00:00:00Z,2022,EF,Bluegill,154,1,4
MISL,2022-09-23T00:00:00Z,2022,EF,Bluegill,183,1,4
MISL,2022-09-23T00:00:00Z,2022,EF,Bluegill,179,1,4
MISL,2022-09-23T00:00:00Z,2022,EF,Bluegill,174,1,4
MISL,2022-09-23T00:00:00Z,2022,EF,Bluegill,184,1,4
MISL,2022-09-23T00:00:00Z,2022,EF,Bluegill,165,1,4
POCL,2022-09-22T00:00:00Z,2022,EF,Bluegill,140,1,4
POCL,2022-09-22T00:00:00Z,2022,EF,Bluegill,146,1,4
POCL,2022-09-22T00:00:00Z,2022,EF,Bluegill,149,1,4
POCL,2022-09-22T00:00:00Z,2022,EF,Bluegill,150,1,4
POCL,2022-09-22T00:00:00Z,2022,EF,Bluegill,152,1,4
POCL,2022-09-22T00:00:00Z,2022,EF,Bluegill,152,1,4
POCL,2022-09-22T00:00:00Z,2022,EF,Bluegill,155,1,4
POCL,2022-09-22T00:00:00Z,2022,EF,Bluegill,156,1,4
POCL,2022-09-22T00:00:00Z,2022,EF,Bluegill,160,1,4
POCL,2022-09-22T00:00:00Z,2022,EF,Bluegill,160,1,4
POCL,2022-09-22T00:00:00Z,2022,EF,Redear Sunfish,157,1,4
POCL,2022-09-22T00:00:00Z,2022,EF,Redear Sunfish,159,1,4
POCL,2022-09-22T00:00:00Z,2022,EF,Redear Sunfish,160,1,4
POCL,2022-09-22T00:00:00Z,2022,EF,Redear Sunfish,160,1,4
POCL,2022-09-22T00:00:00Z,2022,EF,Redear Sunfish,160,1,4
POCL,2022-09-22T00:00:00Z,2022,EF,Redear Sunfish,165,1,4
POCL,2022-09-22T00:00:00Z,2022,EF,Redear Sunfish,170,1,4
PTSB,2022-09-06T00:00:00Z,2022,EF,Bluegill,140,1,4
PTSB,2022-09-06T00:00:00Z,2022,EF,Redear Sunfish,200,1,4
PTSB,2022-09-06T00:00:00Z,2022,EF,Redear Sunfish,167,1,4
ZPCB,2022-09-28T00:00:00Z,2022,EF,Bluegill,175,1,4
ZPCB,2022-09-28T00:00:00Z,2022,EF,Bluegill,173,1,4
ZPCB,2022-09-28T00:00:00Z,2022,EF,Bluegill,170,1,4
ZPCB,2022-09-28T00:00:00Z,2022,EF,Bluegill,176,1,4
ZPCB,2022-09-28T00:00:00Z,2022,EF,Bluegill,180,1,4
ZPCB,2022-09-28T00:00:00Z,2022,EF,Bluegill,162,1,4
ZPCB,2022-09-28T00:00:00Z,2022,EF,Bluegill,179,1,4
ZPCB,2022-09-28T00:00:00Z,2022,EF,Bluegill,145,1,4
ZPCB,2022-09-28T00:00:00Z,2022,EF,Bluegill,153,1,4
ZPCB,2022-09-28T00:00:00Z,2022,EF,Bluegill,173,1,4
GDCL,2022-09-13T00:00:00Z,2022,EF,Bluegill,174,1,5
HOCB,2022-09-08T00:00:00Z,2022,EF,Bluegill,152,1,5
JWSL,2022-09-27T00:00:00Z,2022,EF,Redear Sunfish,206,1,5
JWSL,2022-09-27T00:00:00Z,2022,EF,Redear Sunfish,203,1,5
JWSL,2022-09-27T00:00:00Z,2022,EF,Redear Sunfish,202,1,5
JWSL,2022-09-27T00:00:00Z,2022,EF,Bluegill,200,1,5
JWSL,2022-09-27T00:00:00Z,2022,EF,Bluegill,198,1,5
JWSL,2022-09-27T00:00:00Z,2022,EF,Bluegill,172,1,5
MISL,2022-09-23T00:00:00Z,2022,EF,Bluegill,167,1,5
MISL,2022-09-23T00:00:00Z,2022,EF,Redear Sunfish,189,1,5
MISL,2022-09-23T00:00:00Z,2022,EF,Bluegill,168,1,5
POCL,2022-09-22T00:00:00Z,2022,EF,Redear Sunfish,166,1,5
PTSB,2022-09-06T00:00:00Z,2022,EF,Bluegill,153,1,5
PTSB,2022-09-06T00:00:00Z,2022,EF,Redear Sunfish,184,1,5
ZPCB,2022-09-28T00:00:00Z,2022,EF,Bluegill,184,1,5
GDCL,2022-09-13T00:00:00Z,2022,EF,Bluegill,188,1,6
GDCL,2022-09-13T00:00:00Z,2022,EF,Bluegill,177,1,6
GDCL,2022-09-13T00:00:00Z,2022,EF,Bluegill,189,1,6
JWSL,2022-09-27T00:00:00Z,2022,EF,Redear Sunfish,235,1,6
JWSL,2022-09-27T00:00:00Z,2022,EF,Redear Sunfish,222,1,6
JWSL,2022-09-27T00:00:00Z,2022,EF,Redear Sunfish,220,1,6
JWSL,2022-09-27T00:00:00Z,2022,EF,Redear Sunfish,217,1,6
JWSL,2022-09-27T00:00:00Z,2022,EF,Redear Sunfish,210,1,6
JWSL,2022-09-27T00:00:00Z,2022,EF,Redear Sunfish,209,1,6
JWSL,2022-09-27T00:00:00Z,2022,EF,Redear Sunfish,209,1,6
JWSL,2022-09-27T00:00:00Z,2022,EF,Bluegill,173,1,6
LXLX,2022-09-12T00:00:00Z,2022,EF,Redear Sunfish,231,1,6
PTSB,2022-09-06T00:00:00Z,2022,EF,Bluegill,163,1,6
GDCL,2022-09-13T00:00:00Z,2022,EF,Bluegill,189,1,7
JWSL,2022-09-27T00:00:00Z,2022,EF,Redear Sunfish,228,1,7
JWSL,2022-09-27T00:00:00Z,2022,EF,Redear Sunfish,225,1,7
JWSL,2022-09-27T00:00:00Z,2022,EF,Redear Sunfish,225,1,7
JWSL,2022-09-27T00:00:00Z,2022,EF,Redear Sunfish,220,1,7
JWSL,2022-09-27T00:00:00Z,2022,EF,Redear Sunfish,220,1,7
JWSL,2022-09-27T00:00:00Z,2022,EF,Bluegill,180,1,7
GDCL,2022-09-13T00:00:00Z,2022,EF,Bluegill,185,1,8
JWSL,2022-09-27T00:00:00Z,2022,EF,Bluegill,183,1,8
GDCL,2022-09-13T00:00:00Z,2022,EF,Bluegill,173,0,
GDCL,2022-09-13T00:00:00Z,2022,EF,Bluegill,190,0,
GDCL,2022-09-13T00:00:00Z,2022,EF,Bluegill,181,0,
GDCL,2022-09-13T00:00:00Z,2022,EF,Bluegill,145,0,
GDCL,2022-09-13T00:00:00Z,2022,EF,Bluegill,81,0,
GDCL,2022-09-13T00:00:00Z,2022,EF,Bluegill,175,0,
GDCL,2022-09-13T00:00:00Z,2022,EF,Bluegill,77,0,
GDCL,2022-09-13T00:00:00Z,2022,EF,Bluegill,181,0,
GDCL,2022-09-13T00:00:00Z,2022,EF,Bluegill,194,0,
GDCL,2022-09-13T00:00:00Z,2022,EF,Bluegill,81,0,
GDCL,2022-09-13T00:00:00Z,2022,EF,Bluegill,183,0,
GDCL,2022-09-13T00:00:00Z,2022,EF,Bluegill,97,0,
GDCL,2022-09-13T00:00:00Z,2022,EF,Bluegill,151,0,
GDCL,2022-09-13T00:00:00Z,2022,EF,Bluegill,97,0,
GDCL,2022-09-13T00:00:00Z,2022,EF,Bluegill,81,0,
HOCB,2022-09-08T00:00:00Z,2022,EF,Bluegill,87,0,
HOCB,2022-09-08T00:00:00Z,2022,EF,Bluegill,122,0,
HOCB,2022-09-08T00:00:00Z,2022,EF,Bluegill,145,0,
HOCB,2022-09-08T00:00:00Z,2022,EF,Bluegill,128,0,
HOCB,2022-09-08T00:00:00Z,2022,EF,Bluegill,171,0,
HOCB,2022-09-08T00:00:00Z,2022,EF,Bluegill,141,0,
HOCB,2022-09-08T00:00:00Z,2022,EF,Bluegill,159,0,
HOCB,2022-09-08T00:00:00Z,2022,EF,Bluegill,172,0,
HOCB,2022-09-08T00:00:00Z,2022,EF,Bluegill,129,0,
HOCB,2022-09-08T00:00:00Z,2022,EF,Bluegill,105,0,
HOCB,2022-09-08T00:00:00Z,2022,EF,Bluegill,98,0,
HOCB,2022-09-08T00:00:00Z,2022,EF,Bluegill,110,0,
HOCB,2022-09-08T00:00:00Z,2022,EF,Bluegill,131,0,
HOCB,2022-09-08T00:00:00Z,2022,EF,Bluegill,128,0,
HOCB,2022-09-08T00:00:00Z,2022,EF,Bluegill,137,0,
HOCB,2022-09-08T00:00:00Z,2022,EF,Bluegill,132,0,
HOCB,2022-09-08T00:00:00Z,2022,EF,Bluegill,117,0,
HOCB,2022-09-08T00:00:00Z,2022,EF,Bluegill,122,0,
HOCB,2022-09-08T00:00:00Z,2022,EF,Bluegill,128,0,
HOCB,2022-09-08T00:00:00Z,2022,EF,Bluegill,131,0,
HOCB,2022-09-08T00:00:00Z,2022,EF,Bluegill,133,0,
HOCB,2022-09-08T00:00:00Z,2022,EF,Bluegill,94,0,
HOCB,2022-09-08T00:00:00Z,2022,EF,Bluegill,106,0,
HOCB,2022-09-08T00:00:00Z,2022,EF,Bluegill,83,0,
HOCB,2022-09-08T00:00:00Z,2022,EF,Bluegill,78,0,
HOCB,2022-09-08T00:00:00Z,2022,EF,Bluegill,94,0,
HOCB,2022-09-08T00:00:00Z,2022,EF,Bluegill,107,0,
HOCB,2022-09-08T00:00:00Z,2022,EF,Bluegill,109,0,
HOCB,2022-09-08T00:00:00Z,2022,EF,Bluegill,110,0,
HOCB,2022-09-08T00:00:00Z,2022,EF,Bluegill,123,0,
HOCB,2022-09-08T00:00:00Z,2022,EF,Bluegill,140,0,
HOCB,2022-09-08T00:00:00Z,2022,EF,Bluegill,116,0,
HOCB,2022-09-08T00:00:00Z,2022,EF,Bluegill,108,0,
HOCB,2022-09-08T00:00:00Z,2022,EF,Bluegill,103,0,
HOCB,2022-09-08T00:00:00Z,2022,EF,Bluegill,104,0,
HOCB,2022-09-08T00:00:00Z,2022,EF,Bluegill,82,0,
HOCB,2022-09-08T00:00:00Z,2022,EF,Bluegill,143,0,
HOCB,2022-09-08T00:00:00Z,2022,EF,Bluegill,103,0,
HOCB,2022-09-08T00:00:00Z,2022,EF,Bluegill,130,0,
HOCB,2022-09-08T00:00:00Z,2022,EF,Bluegill,116,0,
HOCB,2022-09-08T00:00:00Z,2022,EF,Bluegill,78,0,
HOCB,2022-09-08T00:00:00Z,2022,EF,Bluegill,125,0,
HOCB,2022-09-08T00:00:00Z,2022,EF,Bluegill,120,0,
HOCB,2022-09-08T00:00:00Z,2022,EF,Bluegill,90,0,
HOCB,2022-09-08T00:00:00Z,2022,EF,Bluegill,80,0,
HOCB,2022-09-08T00:00:00Z,2022,EF,Bluegill,78,0,
HOCB,2022-09-08T00:00:00Z,2022,EF,Bluegill,130,0,
HOCB,2022-09-08T00:00:00Z,2022,EF,Bluegill,107,0,
HOCB,2022-09-08T00:00:00Z,2022,EF,Bluegill,104,0,
HOCB,2022-09-08T00:00:00Z,2022,EF,Bluegill,103,0,
HOCB,2022-09-08T00:00:00Z,2022,EF,Bluegill,82,0,
HOCB,2022-09-08T00:00:00Z,2022,EF,Bluegill,87,0,
HOCB,2022-09-08T00:00:00Z,2022,EF,Bluegill,132,0,
HOCB,2022-09-08T00:00:00Z,2022,EF,Bluegill,115,0,
HOCB,2022-09-08T00:00:00Z,2022,EF,Bluegill,80,0,
HOCB,2022-09-08T00:00:00Z,2022,EF,Bluegill,130,0,
HOCB,2022-09-08T00:00:00Z,2022,EF,Bluegill,130,0,
HOCB,2022-09-08T00:00:00Z,2022,EF,Bluegill,40,0,
HOCB,2022-09-08T00:00:00Z,2022,EF,Bluegill,119,0,
HOCB,2022-09-08T00:00:00Z,2022,EF,Bluegill,170,0,
HOCB,2022-09-08T00:00:00Z,2022,EF,Bluegill,143,0,
JWSL,2022-09-27T00:00:00Z,2022,EF,Redear Sunfish,230,0,
JWSL,2022-09-27T00:00:00Z,2022,EF,Redear Sunfish,228,0,
JWSL,2022-09-27T00:00:00Z,2022,EF,Redear Sunfish,228,0,
JWSL,2022-09-27T00:00:00Z,2022,EF,Redear Sunfish,225,0,
JWSL,2022-09-27T00:00:00Z,2022,EF,Redear Sunfish,225,0,
JWSL,2022-09-27T00:00:00Z,2022,EF,Redear Sunfish,224,0,
JWSL,2022-09-27T00:00:00Z,2022,EF,Redear Sunfish,222,0,
JWSL,2022-09-27T00:00:00Z,2022,EF,Redear Sunfish,219,0,
JWSL,2022-09-27T00:00:00Z,2022,EF,Redear Sunfish,219,0,
JWSL,2022-09-27T00:00:00Z,2022,EF,Redear Sunfish,218,0,
JWSL,2022-09-27T00:00:00Z,2022,EF,Redear Sunfish,217,0,
JWSL,2022-09-27T00:00:00Z,2022,EF,Redear Sunfish,216,0,
JWSL,2022-09-27T00:00:00Z,2022,EF,Redear Sunfish,216,0,
JWSL,2022-09-27T00:00:00Z,2022,EF,Redear Sunfish,214,0,
JWSL,2022-09-27T00:00:00Z,2022,EF,Redear Sunfish,213,0,
JWSL,2022-09-27T00:00:00Z,2022,EF,Redear Sunfish,213,0,
JWSL,2022-09-27T00:00:00Z,2022,EF,Redear Sunfish,213,0,
JWSL,2022-09-27T00:00:00Z,2022,EF,Redear Sunfish,212,0,
JWSL,2022-09-27T00:00:00Z,2022,EF,Redear Sunfish,212,0,
JWSL,2022-09-27T00:00:00Z,2022,EF,Redear Sunfish,210,0,
JWSL,2022-09-27T00:00:00Z,2022,EF,Redear Sunfish,208,0,
JWSL,2022-09-27T00:00:00Z,2022,EF,Redear Sunfish,208,0,
JWSL,2022-09-27T00:00:00Z,2022,EF,Redear Sunfish,198,0,
JWSL,2022-09-27T00:00:00Z,2022,EF,Bluegill,176,0,
JWSL,2022-09-27T00:00:00Z,2022,EF,Bluegill,151,0,
JWSL,2022-09-27T00:00:00Z,2022,EF,Redear Sunfish,150,0,
JWSL,2022-09-27T00:00:00Z,2022,EF,Redear Sunfish,148,0,
JWSL,2022-09-27T00:00:00Z,2022,EF,Redear Sunfish,148,0,
JWSL,2022-09-27T00:00:00Z,2022,EF,Redear Sunfish,139,0,
JWSL,2022-09-27T00:00:00Z,2022,EF,Redear Sunfish,138,0,
JWSL,2022-09-27T00:00:00Z,2022,EF,Redear Sunfish,138,0,
JWSL,2022-09-27T00:00:00Z,2022,EF,Redear Sunfish,135,0,
JWSL,2022-09-27T00:00:00Z,2022,EF,Redear Sunfish,135,0,
JWSL,2022-09-27T00:00:00Z,2022,EF,Redear Sunfish,135,0,
JWSL,2022-09-27T00:00:00Z,2022,EF,Redear Sunfish,134,0,
JWSL,2022-09-27T00:00:00Z,2022,EF,Bluegill,134,0,
JWSL,2022-09-27T00:00:00Z,2022,EF,Redear Sunfish,134,0,
JWSL,2022-09-27T00:00:00Z,2022,EF,Bluegill,134,0,
JWSL,2022-09-27T00:00:00Z,2022,EF,Redear Sunfish,133,0,
JWSL,2022-09-27T00:00:00Z,2022,EF,Bluegill,133,0,
JWSL,2022-09-27T00:00:00Z,2022,EF,Bluegill,132,0,
JWSL,2022-09-27T00:00:00Z,2022,EF,Bluegill,132,0,
JWSL,2022-09-27T00:00:00Z,2022,EF,Redear Sunfish,132,0,
JWSL,2022-09-27T00:00:00Z,2022,EF,Redear Sunfish,128,0,
JWSL,2022-09-27T00:00:00Z,2022,EF,Redear Sunfish,128,0,
JWSL,2022-09-27T00:00:00Z,2022,EF,Redear Sunfish,128,0,
JWSL,2022-09-27T00:00:00Z,2022,EF,Redear Sunfish,127,0,
JWSL,2022-09-27T00:00:00Z,2022,EF,Redear Sunfish,127,0,
JWSL,2022-09-27T00:00:00Z,2022,EF,Redear Sunfish,127,0,
JWSL,2022-09-27T00:00:00Z,2022,EF,Redear Sunfish,127,0,
JWSL,2022-09-27T00:00:00Z,2022,EF,Redear Sunfish,126,0,
JWSL,2022-09-27T00:00:00Z,2022,EF,Redear Sunfish,125,0,
JWSL,2022-09-27T00:00:00Z,2022,EF,Redear Sunfish,122,0,
JWSL,2022-09-27T00:00:00Z,2022,EF,Redear Sunfish,121,0,
JWSL,2022-09-27T00:00:00Z,2022,EF,Bluegill,112,0,
JWSL,2022-09-27T00:00:00Z,2022,EF,Bluegill,111,0,
JWSL,2022-09-27T00:00:00Z,2022,EF,Bluegill,109,0,
JWSL,2022-09-27T00:00:00Z,2022,EF,Bluegill,102,0,
JWSL,2022-09-27T00:00:00Z,2022,EF,Bluegill,100,0,
JWSL,2022-09-27T00:00:00Z,2022,EF,Bluegill,100,0,
JWSL,2022-09-27T00:00:00Z,2022,EF,Bluegill,100,0,
JWSL,2022-09-27T00:00:00Z,2022,EF,Bluegill,100,0,
JWSL,2022-09-27T00:00:00Z,2022,EF,Bluegill,100,0,
JWSL,2022-09-27T00:00:00Z,2022,EF,Bluegill,100,0,
JWSL,2022-09-27T00:00:00Z,2022,EF,Bluegill,100,0,
JWSL,2022-09-27T00:00:00Z,2022,EF,Bluegill,100,0,
JWSL,2022-09-27T00:00:00Z,2022,EF,Bluegill,100,0,
JWSL,2022-09-27T00:00:00Z,2022,EF,Bluegill,100,0,
JWSL,2022-09-27T00:00:00Z,2022,EF,Bluegill,100,0,
JWSL,2022-09-27T00:00:00Z,2022,EF,Bluegill,100,0,
JWSL,2022-09-27T00:00:00Z,2022,EF,Bluegill,100,0,
JWSL,2022-09-27T00:00:00Z,2022,EF,Bluegill,100,0,
JWSL,2022-09-27T00:00:00Z,2022,EF,Bluegill,100,0,
JWSL,2022-09-27T00:00:00Z,2022,EF,Bluegill,100,0,
JWSL,2022-09-27T00:00:00Z,2022,EF,Bluegill,100,0,
JWSL,2022-09-27T00:00:00Z,2022,EF,Bluegill,100,0,
JWSL,2022-09-27T00:00:00Z,2022,EF,Bluegill,100,0,
JWSL,2022-09-27T00:00:00Z,2022,EF,Bluegill,100,0,
JWSL,2022-09-27T00:00:00Z,2022,EF,Bluegill,100,0,
JWSL,2022-09-27T00:00:00Z,2022,EF,Bluegill,100,0,
JWSL,2022-09-27T00:00:00Z,2022,EF,Bluegill,99,0,
JWSL,2022-09-27T00:00:00Z,2022,EF,Bluegill,99,0,
JWSL,2022-09-27T00:00:00Z,2022,EF,Bluegill,95,0,
JWSL,2022-09-27T00:00:00Z,2022,EF,Bluegill,90,0,
JWSL,2022-09-27T00:00:00Z,2022,EF,Bluegill,90,0,
JWSL,2022-09-27T00:00:00Z,2022,EF,Bluegill,90,0,
JWSL,2022-09-27T00:00:00Z,2022,EF,Bluegill,90,0,
JWSL,2022-09-27T00:00:00Z,2022,EF,Bluegill,90,0,
JWSL,2022-09-27T00:00:00Z,2022,EF,Bluegill,90,0,
JWSL,2022-09-27T00:00:00Z,2022,EF,Bluegill,90,0,
JWSL,2022-09-27T00:00:00Z,2022,EF,Bluegill,90,0,
JWSL,2022-09-27T00:00:00Z,2022,EF,Bluegill,90,0,
JWSL,2022-09-27T00:00:00Z,2022,EF,Bluegill,90,0,
JWSL,2022-09-27T00:00:00Z,2022,EF,Bluegill,90,0,
JWSL,2022-09-27T00:00:00Z,2022,EF,Bluegill,90,0,
JWSL,2022-09-27T00:00:00Z,2022,EF,Bluegill,90,0,
JWSL,2022-09-27T00:00:00Z,2022,EF,Bluegill,90,0,
JWSL,2022-09-27T00:00:00Z,2022,EF,Bluegill,90,0,
JWSL,2022-09-27T00:00:00Z,2022,EF,Bluegill,90,0,
JWSL,2022-09-27T00:00:00Z,2022,EF,Bluegill,90,0,
JWSL,2022-09-27T00:00:00Z,2022,EF,Bluegill,90,0,
JWSL,2022-09-27T00:00:00Z,2022,EF,Bluegill,90,0,
JWSL,2022-09-27T00:00:00Z,2022,EF,Bluegill,90,0,
JWSL,2022-09-27T00:00:00Z,2022,EF,Bluegill,90,0,
JWSL,2022-09-27T00:00:00Z,2022,EF,Bluegill,90,0,
JWSL,2022-09-27T00:00:00Z,2022,EF,Bluegill,89,0,
JWSL,2022-09-27T00:00:00Z,2022,EF,Bluegill,89,0,
JWSL,2022-09-27T00:00:00Z,2022,EF,Bluegill,87,0,
JWSL,2022-09-27T00:00:00Z,2022,EF,Bluegill,87,0,
JWSL,2022-09-27T00:00:00Z,2022,EF,Bluegill,87,0,
JWSL,2022-09-27T00:00:00Z,2022,EF,Bluegill,86,0,
JWSL,2022-09-27T00:00:00Z,2022,EF,Bluegill,85,0,
JWSL,2022-09-27T00:00:00Z,2022,EF,Bluegill,85,0,
JWSL,2022-09-27T00:00:00Z,2022,EF,Bluegill,84,0,
JWSL,2022-09-27T00:00:00Z,2022,EF,Bluegill,80,0,
JWSL,2022-09-27T00:00:00Z,2022,EF,Bluegill,80,0,
JWSL,2022-09-27T00:00:00Z,2022,EF,Bluegill,80,0,
JWSL,2022-09-27T00:00:00Z,2022,EF,Bluegill,80,0,
JWSL,2022-09-27T00:00:00Z,2022,EF,Bluegill,80,0,
JWSL,2022-09-27T00:00:00Z,2022,EF,Bluegill,80,0,
JWSL,2022-09-27T00:00:00Z,2022,EF,Bluegill,80,0,
JWSL,2022-09-27T00:00:00Z,2022,EF,Bluegill,80,0,
JWSL,2022-09-27T00:00:00Z,2022,EF,Bluegill,80,0,
JWSL,2022-09-27T00:00:00Z,2022,EF,Redear Sunfish,80,0,
JWSL,2022-09-27T00:00:00Z,2022,EF,Bluegill,79,0,
JWSL,2022-09-27T00:00:00Z,2022,EF,Bluegill,78,0,
JWSL,2022-09-27T00:00:00Z,2022,EF,Bluegill,78,0,
JWSL,2022-09-27T00:00:00Z,2022,EF,Bluegill,77,0,
JWSL,2022-09-27T00:00:00Z,2022,EF,Redear Sunfish,74,0,
JWSL,2022-09-27T00:00:00Z,2022,EF,Redear Sunfish,72,0,
JWSL,2022-09-27T00:00:00Z,2022,EF,Bluegill,70,0,
JWSL,2022-09-27T00:00:00Z,2022,EF,Bluegill,70,0,
JWSL,2022-09-27T00:00:00Z,2022,EF,Bluegill,70,0,
JWSL,2022-09-27T00:00:00Z,2022,EF,Bluegill,70,0,
JWSL,2022-09-27T00:00:00Z,2022,EF,Bluegill,53,0,
JWSL,2022-09-27T00:00:00Z,2022,EF,Bluegill,52,0,
JWSL,2022-09-27T00:00:00Z,2022,EF,Bluegill,52,0,
JWSL,2022-09-27T00:00:00Z,2022,EF,Bluegill,51,0,
JWSL,2022-09-27T00:00:00Z,2022,EF,Bluegill,51,0,
JWSL,2022-09-27T00:00:00Z,2022,EF,Bluegill,50,0,
JWSL,2022-09-27T00:00:00Z,2022,EF,Bluegill,50,0,
JWSL,2022-09-27T00:00:00Z,2022,EF,Bluegill,50,0,
JWSL,2022-09-27T00:00:00Z,2022,EF,Bluegill,50,0,
JWSL,2022-09-27T00:00:00Z,2022,EF,Bluegill,50,0,
JWSL,2022-09-27T00:00:00Z,2022,EF,Bluegill,47,0,
JWSL,2022-09-27T00:00:00Z,2022,EF,Bluegill,45,0,
JWSL,2022-09-27T00:00:00Z,2022,EF,Bluegill,44,0,
JWSL,2022-09-27T00:00:00Z,2022,EF,Bluegill,43,0,
JWSL,2022-09-27T00:00:00Z,2022,EF,Bluegill,43,0,
JWSL,2022-09-27T00:00:00Z,2022,EF,Bluegill,40,0,
JWSL,2022-09-27T00:00:00Z,2022,EF,Bluegill,40,0,
JWSL,2022-09-27T00:00:00Z,2022,EF,Bluegill,40,0,
JWSL,2022-09-27T00:00:00Z,2022,EF,Bluegill,40,0,
JWSL,2022-09-27T00:00:00Z,2022,EF,Bluegill,40,0,
JWSL,2022-09-27T00:00:00Z,2022,EF,Bluegill,38,0,
JWSL,2022-09-27T00:00:00Z,2022,EF,Bluegill,37,0,
JWSL,2022-09-27T00:00:00Z,2022,EF,Bluegill,30,0,
JWSL,2022-09-27T00:00:00Z,2022,EF,Bluegill,100,0,
JWSL,2022-09-27T00:00:00Z,2022,EF,Bluegill,100,0,
JWSL,2022-09-27T00:00:00Z,2022,EF,Bluegill,90,0,
JWSL,2022-09-27T00:00:00Z,2022,EF,Bluegill,90,0,
JWSL,2022-09-27T00:00:00Z,2022,EF,Bluegill,90,0,
JWSL,2022-09-27T00:00:00Z,2022,EF,Bluegill,90,0,
JWSL,2022-09-27T00:00:00Z,2022,EF,Bluegill,80,0,
JWSL,2022-09-27T00:00:00Z,2022,EF,Bluegill,80,0,
JWSL,2022-09-27T00:00:00Z,2022,EF,Bluegill,80,0,
LXLX,2022-09-12T00:00:00Z,2022,EF,Bluegill,63,0,
LXLX,2022-09-12T00:00:00Z,2022,EF,Bluegill,64,0,
LXLX,2022-09-12T00:00:00Z,2022,EF,Bluegill,71,0,
LXLX,2022-09-12T00:00:00Z,2022,EF,Bluegill,78,0,
LXLX,2022-09-12T00:00:00Z,2022,EF,Bluegill,91,0,
LXLX,2022-09-12T00:00:00Z,2022,EF,Bluegill,91,0,
LXLX,2022-09-12T00:00:00Z,2022,EF,Bluegill,94,0,
LXLX,2022-09-12T00:00:00Z,2022,EF,Bluegill,94,0,
LXLX,2022-09-12T00:00:00Z,2022,EF,Redear Sunfish,105,0,
MISL,2022-09-23T00:00:00Z,2022,EF,Bluegill,184,0,
MISL,2022-09-23T00:00:00Z,2022,EF,Bluegill,50,0,
MISL,2022-09-23T00:00:00Z,2022,EF,Bluegill,60,0,
MISL,2022-09-23T00:00:00Z,2022,EF,Bluegill,184,0,
MISL,2022-09-23T00:00:00Z,2022,EF,Bluegill,40,0,
MISL,2022-09-23T00:00:00Z,2022,EF,Bluegill,80,0,
MISL,2022-09-23T00:00:00Z,2022,EF,Bluegill,70,0,
MISL,2022-09-23T00:00:00Z,2022,EF,Bluegill,153,0,
MISL,2022-09-23T00:00:00Z,2022,EF,Bluegill,134,0,
MISL,2022-09-23T00:00:00Z,2022,EF,Bluegill,160,0,
MISL,2022-09-23T00:00:00Z,2022,EF,Bluegill,143,0,
MISL,2022-09-23T00:00:00Z,2022,EF,Bluegill,155,0,
MISL,2022-09-23T00:00:00Z,2022,EF,Bluegill,149,0,
MISL,2022-09-23T00:00:00Z,2022,EF,Bluegill,134,0,
MISL,2022-09-23T00:00:00Z,2022,EF,Bluegill,149,0,
MISL,2022-09-23T00:00:00Z,2022,EF,Bluegill,154,0,
MISL,2022-09-23T00:00:00Z,2022,EF,Bluegill,153,0,
MISL,2022-09-23T00:00:00Z,2022,EF,Bluegill,145,0,
MISL,2022-09-23T00:00:00Z,2022,EF,Bluegill,130,0,
MISL,2022-09-23T00:00:00Z,2022,EF,Bluegill,152,0,
MISL,2022-09-23T00:00:00Z,2022,EF,Bluegill,162,0,
MISL,2022-09-23T00:00:00Z,2022,EF,Bluegill,114,0,
MISL,2022-09-23T00:00:00Z,2022,EF,Bluegill,152,0,
MISL,2022-09-23T00:00:00Z,2022,EF,Bluegill,125,0,
MISL,2022-09-23T00:00:00Z,2022,EF,Bluegill,173,0,
MISL,2022-09-23T00:00:00Z,2022,EF,Bluegill,183,0,
MISL,2022-09-23T00:00:00Z,2022,EF,Bluegill,164,0,
MISL,2022-09-23T00:00:00Z,2022,EF,Bluegill,149,0,
MISL,2022-09-23T00:00:00Z,2022,EF,Bluegill,153,0,
MISL,2022-09-23T00:00:00Z,2022,EF,Bluegill,121,0,
MISL,2022-09-23T00:00:00Z,2022,EF,Bluegill,158,0,
MISL,2022-09-23T00:00:00Z,2022,EF,Bluegill,155,0,
MISL,2022-09-23T00:00:00Z,2022,EF,Bluegill,116,0,
MISL,2022-09-23T00:00:00Z,2022,EF,Bluegill,155,0,
MISL,2022-09-23T00:00:00Z,2022,EF,Bluegill,62,0,
MISL,2022-09-23T00:00:00Z,2022,EF,Bluegill,123,0,
MISL,2022-09-23T00:00:00Z,2022,EF,Bluegill,147,0,
MISL,2022-09-23T00:00:00Z,2022,EF,Bluegill,170,0,
MISL,2022-09-23T00:00:00Z,2022,EF,Bluegill,158,0,
MISL,2022-09-23T00:00:00Z,2022,EF,Bluegill,147,0,
MISL,2022-09-23T00:00:00Z,2022,EF,Bluegill,175,0,
MISL,2022-09-23T00:00:00Z,2022,EF,Bluegill,158,0,
MISL,2022-09-23T00:00:00Z,2022,EF,Bluegill,166,0,
MISL,2022-09-23T00:00:00Z,2022,EF,Bluegill,158,0,
MISL,2022-09-23T00:00:00Z,2022,EF,Bluegill,50,0,
MISL,2022-09-23T00:00:00Z,2022,EF,Bluegill,124,0,
MISL,2022-09-23T00:00:00Z,2022,EF,Bluegill,127,0,
MISL,2022-09-23T00:00:00Z,2022,EF,Bluegill,120,0,
MISL,2022-09-23T00:00:00Z,2022,EF,Bluegill,155,0,
MISL,2022-09-23T00:00:00Z,2022,EF,Bluegill,154,0,
MISL,2022-09-23T00:00:00Z,2022,EF,Bluegill,153,0,
MISL,2022-09-23T00:00:00Z,2022,EF,Bluegill,158,0,
MISL,2022-09-23T00:00:00Z,2022,EF,Bluegill,146,0,
MISL,2022-09-23T00:00:00Z,2022,EF,Bluegill,125,0,
MISL,2022-09-23T00:00:00Z,2022,EF,Bluegill,78,0,
MISL,2022-09-23T00:00:00Z,2022,EF,Bluegill,106,0,
MISL,2022-09-23T00:00:00Z,2022,EF,Bluegill,172,0,
MISL,2022-09-23T00:00:00Z,2022,EF,Bluegill,116,0,
MISL,2022-09-23T00:00:00Z,2022,EF,Bluegill,162,0,
MISL,2022-09-23T00:00:00Z,2022,EF,Bluegill,126,0,
MISL,2022-09-23T00:00:00Z,2022,EF,Bluegill,171,0,
MISL,2022-09-23T00:00:00Z,2022,EF,Bluegill,152,0,
MISL,2022-09-23T00:00:00Z,2022,EF,Bluegill,168,0,
MISL,2022-09-23T00:00:00Z,2022,EF,Bluegill,145,0,
MISL,2022-09-23T00:00:00Z,2022,EF,Bluegill,103,0,
MISL,2022-09-23T00:00:00Z,2022,EF,Bluegill,113,0,
MISL,2022-09-23T00:00:00Z,2022,EF,Bluegill,146,0,
MISL,2022-09-23T00:00:00Z,2022,EF,Bluegill,164,0,
MISL,2022-09-23T00:00:00Z,2022,EF,Bluegill,150,0,
MISL,2022-09-23T00:00:00Z,2022,EF,Bluegill,150,0,
MISL,2022-09-23T00:00:00Z,2022,EF,Bluegill,118,0,
MISL,2022-09-23T00:00:00Z,2022,EF,Bluegill,128,0,
MISL,2022-09-23T00:00:00Z,2022,EF,Bluegill,54,0,
MISL,2022-09-23T00:00:00Z,2022,EF,Bluegill,155,0,
MISL,2022-09-23T00:00:00Z,2022,EF,Bluegill,136,0,
MISL,2022-09-23T00:00:00Z,2022,EF,Bluegill,118,0,
MISL,2022-09-23T00:00:00Z,2022,EF,Redear Sunfish,175,0,
MISL,2022-09-23T00:00:00Z,2022,EF,Redear Sunfish,162,0,
MISL,2022-09-23T00:00:00Z,2022,EF,Bluegill,148,0,
MISL,2022-09-23T00:00:00Z,2022,EF,Bluegill,171,0,
MISL,2022-09-23T00:00:00Z,2022,EF,Bluegill,142,0,
MISL,2022-09-23T00:00:00Z,2022,EF,Bluegill,143,0,
MISL,2022-09-23T00:00:00Z,2022,EF,Bluegill,54,0,
MISL,2022-09-23T00:00:00Z,2022,EF,Bluegill,137,0,
MISL,2022-09-23T00:00:00Z,2022,EF,Bluegill,165,0,
MISL,2022-09-23T00:00:00Z,2022,EF,Bluegill,133,0,
MISL,2022-09-23T00:00:00Z,2022,EF,Bluegill,162,0,
MISL,2022-09-23T00:00:00Z,2022,EF,Bluegill,134,0,
MISL,2022-09-23T00:00:00Z,2022,EF,Bluegill,131,0,
MISL,2022-09-23T00:00:00Z,2022,EF,Bluegill,148,0,
MISL,2022-09-23T00:00:00Z,2022,EF,Bluegill,145,0,
MISL,2022-09-23T00:00:00Z,2022,EF,Bluegill,140,0,
MISL,2022-09-23T00:00:00Z,2022,EF,Bluegill,154,0,
MISL,2022-09-23T00:00:00Z,2022,EF,Bluegill,114,0,
MISL,2022-09-23T00:00:00Z,2022,EF,Bluegill,50,0,
MISL,2022-09-23T00:00:00Z,2022,EF,Bluegill,163,0,
MISL,2022-09-23T00:00:00Z,2022,EF,Bluegill,126,0,
MISL,2022-09-23T00:00:00Z,2022,EF,Bluegill,170,0,
MISL,2022-09-23T00:00:00Z,2022,EF,Bluegill,170,0,
MISL,2022-09-23T00:00:00Z,2022,EF,Bluegill,170,0,
MISL,2022-09-23T00:00:00Z,2022,EF,Bluegill,170,0,
MISL,2022-09-23T00:00:00Z,2022,EF,Bluegill,140,0,
MISL,2022-09-23T00:00:00Z,2022,EF,Bluegill,140,0,
MISL,2022-09-23T00:00:00Z,2022,EF,Bluegill,140,0,
MISL,2022-09-23T00:00:00Z,2022,EF,Bluegill,140,0,
MISL,2022-09-23T00:00:00Z,2022,EF,Bluegill,140,0,
MISL,2022-09-23T00:00:00Z,2022,EF,Bluegill,140,0,
MISL,2022-09-23T00:00:00Z,2022,EF,Bluegill,140,0,
MISL,2022-09-23T00:00:00Z,2022,EF,Bluegill,140,0,
MISL,2022-09-23T00:00:00Z,2022,EF,Bluegill,140,0,
MISL,2022-09-23T00:00:00Z,2022,EF,Bluegill,140,0,
MISL,2022-09-23T00:00:00Z,2022,EF,Bluegill,150,0,
MISL,2022-09-23T00:00:00Z,2022,EF,Bluegill,150,0,
MISL,2022-09-23T00:00:00Z,2022,EF,Bluegill,150,0,
MISL,2022-09-23T00:00:00Z,2022,EF,Bluegill,150,0,
MISL,2022-09-23T00:00:00Z,2022,EF,Bluegill,150,0,
MISL,2022-09-23T00:00:00Z,2022,EF,Bluegill,150,0,
MISL,2022-09-23T00:00:00Z,2022,EF,Bluegill,150,0,
MISL,2022-09-23T00:00:00Z,2022,EF,Bluegill,150,0,
MISL,2022-09-23T00:00:00Z,2022,EF,Bluegill,120,0,
MISL,2022-09-23T00:00:00Z,2022,EF,Bluegill,120,0,
MISL,2022-09-23T00:00:00Z,2022,EF,Bluegill,120,0,
MISL,2022-09-23T00:00:00Z,2022,EF,Bluegill,120,0,
MISL,2022-09-23T00:00:00Z,2022,EF,Bluegill,120,0,
MISL,2022-09-23T00:00:00Z,2022,EF,Bluegill,110,0,
MISL,2022-09-23T00:00:00Z,2022,EF,Bluegill,110,0,
MISL,2022-09-23T00:00:00Z,2022,EF,Bluegill,110,0,
MISL,2022-09-23T00:00:00Z,2022,EF,Bluegill,110,0,
MISL,2022-09-23T00:00:00Z,2022,EF,Bluegill,110,0,
MISL,2022-09-23T00:00:00Z,2022,EF,Bluegill,110,0,
MISL,2022-09-23T00:00:00Z,2022,EF,Bluegill,110,0,
MISL,2022-09-23T00:00:00Z,2022,EF,Bluegill,110,0,
MISL,2022-09-23T00:00:00Z,2022,EF,Bluegill,90,0,
MISL,2022-09-23T00:00:00Z,2022,EF,Bluegill,90,0,
MISL,2022-09-23T00:00:00Z,2022,EF,Bluegill,90,0,
MISL,2022-09-23T00:00:00Z,2022,EF,Bluegill,90,0,
MISL,2022-09-23T00:00:00Z,2022,EF,Bluegill,70,0,
MISL,2022-09-23T00:00:00Z,2022,EF,Bluegill,70,0,
MISL,2022-09-23T00:00:00Z,2022,EF,Bluegill,70,0,
MISL,2022-09-23T00:00:00Z,2022,EF,Bluegill,70,0,
MISL,2022-09-23T00:00:00Z,2022,EF,Bluegill,70,0,
MISL,2022-09-23T00:00:00Z,2022,EF,Bluegill,70,0,
MISL,2022-09-23T00:00:00Z,2022,EF,Bluegill,130,0,
MISL,2022-09-23T00:00:00Z,2022,EF,Bluegill,130,0,
MISL,2022-09-23T00:00:00Z,2022,EF,Bluegill,130,0,
MISL,2022-09-23T00:00:00Z,2022,EF,Bluegill,130,0,
MISL,2022-09-23T00:00:00Z,2022,EF,Bluegill,130,0,
MISL,2022-09-23T00:00:00Z,2022,EF,Bluegill,40,0,
MISL,2022-09-23T00:00:00Z,2022,EF,Bluegill,40,0,
MISL,2022-09-23T00:00:00Z,2022,EF,Bluegill,160,0,
MISL,2022-09-23T00:00:00Z,2022,EF,Bluegill,160,0,
MISL,2022-09-23T00:00:00Z,2022,EF,Bluegill,170,0,
MISL,2022-09-23T00:00:00Z,2022,EF,Bluegill,170,0,
MISL,2022-09-23T00:00:00Z,2022,EF,Bluegill,160,0,
MISL,2022-09-23T00:00:00Z,2022,EF,Bluegill,160,0,
MISL,2022-09-23T00:00:00Z,2022,EF,Bluegill,160,0,
MISL,2022-09-23T00:00:00Z,2022,EF,Bluegill,160,0,
MISL,2022-09-23T00:00:00Z,2022,EF,Bluegill,160,0,
MISL,2022-09-23T00:00:00Z,2022,EF,Bluegill,160,0,
MISL,2022-09-23T00:00:00Z,2022,EF,Bluegill,160,0,
MISL,2022-09-23T00:00:00Z,2022,EF,Bluegill,130,0,
MISL,2022-09-23T00:00:00Z,2022,EF,Bluegill,130,0,
MISL,2022-09-23T00:00:00Z,2022,EF,Bluegill,130,0,
MISL,2022-09-23T00:00:00Z,2022,EF,Bluegill,130,0,
MISL,2022-09-23T00:00:00Z,2022,EF,Bluegill,130,0,
MISL,2022-09-23T00:00:00Z,2022,EF,Bluegill,130,0,
MISL,2022-09-23T00:00:00Z,2022,EF,Bluegill,130,0,
MISL,2022-09-23T00:00:00Z,2022,EF,Bluegill,130,0,
MISL,2022-09-23T00:00:00Z,2022,EF,Bluegill,130,0,
MISL,2022-09-23T00:00:00Z,2022,EF,Bluegill,120,0,
MISL,2022-09-23T00:00:00Z,2022,EF,Bluegill,120,0,
MISL,2022-09-23T00:00:00Z,2022,EF,Bluegill,120,0,
MISL,2022-09-23T00:00:00Z,2022,EF,Bluegill,120,0,
MISL,2022-09-23T00:00:00Z,2022,EF,Bluegill,120,0,
MISL,2022-09-23T00:00:00Z,2022,EF,Bluegill,120,0,
MISL,2022-09-23T00:00:00Z,2022,EF,Bluegill,120,0,
MISL,2022-09-23T00:00:00Z,2022,EF,Bluegill,120,0,
MISL,2022-09-23T00:00:00Z,2022,EF,Bluegill,120,0,
MISL,2022-09-23T00:00:00Z,2022,EF,Bluegill,120,0,
MISL,2022-09-23T00:00:00Z,2022,EF,Bluegill,140,0,
MISL,2022-09-23T00:00:00Z,2022,EF,Bluegill,140,0,
MISL,2022-09-23T00:00:00Z,2022,EF,Bluegill,140,0,
MISL,2022-09-23T00:00:00Z,2022,EF,Bluegill,140,0,
MISL,2022-09-23T00:00:00Z,2022,EF,Bluegill,140,0,
MISL,2022-09-23T00:00:00Z,2022,EF,Bluegill,140,0,
MISL,2022-09-23T00:00:00Z,2022,EF,Bluegill,140,0,
MISL,2022-09-23T00:00:00Z,2022,EF,Bluegill,150,0,
MISL,2022-09-23T00:00:00Z,2022,EF,Bluegill,150,0,
MISL,2022-09-23T00:00:00Z,2022,EF,Bluegill,150,0,
MISL,2022-09-23T00:00:00Z,2022,EF,Bluegill,150,0,
MISL,2022-09-23T00:00:00Z,2022,EF,Bluegill,150,0,
MISL,2022-09-23T00:00:00Z,2022,EF,Bluegill,150,0,
MISL,2022-09-23T00:00:00Z,2022,EF,Bluegill,150,0,
MISL,2022-09-23T00:00:00Z,2022,EF,Bluegill,150,0,
MISL,2022-09-23T00:00:00Z,2022,EF,Bluegill,150,0,
MISL,2022-09-23T00:00:00Z,2022,EF,Bluegill,150,0,
MISL,2022-09-23T00:00:00Z,2022,EF,Bluegill,110,0,
MISL,2022-09-23T00:00:00Z,2022,EF,Bluegill,110,0,
MISL,2022-09-23T00:00:00Z,2022,EF,Bluegill,110,0,
MISL,2022-09-23T00:00:00Z,2022,EF,Bluegill,110,0,
MISL,2022-09-23T00:00:00Z,2022,EF,Bluegill,110,0,
MISL,2022-09-23T00:00:00Z,2022,EF,Bluegill,110,0,
MISL,2022-09-23T00:00:00Z,2022,EF,Bluegill,110,0,
MISL,2022-09-23T00:00:00Z,2022,EF,Bluegill,110,0,
MISL,2022-09-23T00:00:00Z,2022,EF,Bluegill,90,0,
MISL,2022-09-23T00:00:00Z,2022,EF,Bluegill,90,0,
MISL,2022-09-23T00:00:00Z,2022,EF,Bluegill,100,0,
MISL,2022-09-23T00:00:00Z,2022,EF,Bluegill,100,0,
MISL,2022-09-23T00:00:00Z,2022,EF,Bluegill,100,0,
MISL,2022-09-23T00:00:00Z,2022,EF,Bluegill,60,0,
MISL,2022-09-23T00:00:00Z,2022,EF,Bluegill,60,0,
POCL,2022-09-22T00:00:00Z,2022,EF,Bluegill,30,0,
POCL,2022-09-22T00:00:00Z,2022,EF,Bluegill,30,0,
POCL,2022-09-22T00:00:00Z,2022,EF,Bluegill,30,0,
POCL,2022-09-22T00:00:00Z,2022,EF,Bluegill,32,0,
POCL,2022-09-22T00:00:00Z,2022,EF,Bluegill,35,0,
POCL,2022-09-22T00:00:00Z,2022,EF,Bluegill,36,0,
POCL,2022-09-22T00:00:00Z,2022,EF,Bluegill,40,0,
POCL,2022-09-22T00:00:00Z,2022,EF,Bluegill,40,0,
POCL,2022-09-22T00:00:00Z,2022,EF,Bluegill,40,0,
POCL,2022-09-22T00:00:00Z,2022,EF,Bluegill,49,0,
POCL,2022-09-22T00:00:00Z,2022,EF,Bluegill,50,0,
POCL,2022-09-22T00:00:00Z,2022,EF,Bluegill,50,0,
POCL,2022-09-22T00:00:00Z,2022,EF,Bluegill,52,0,
POCL,2022-09-22T00:00:00Z,2022,EF,Bluegill,55,0,
POCL,2022-09-22T00:00:00Z,2022,EF,Bluegill,57,0,
POCL,2022-09-22T00:00:00Z,2022,EF,Bluegill,59,0,
POCL,2022-09-22T00:00:00Z,2022,EF,Bluegill,60,0,
POCL,2022-09-22T00:00:00Z,2022,EF,Bluegill,64,0,
POCL,2022-09-22T00:00:00Z,2022,EF,Bluegill,65,0,
POCL,2022-09-22T00:00:00Z,2022,EF,Bluegill,70,0,
POCL,2022-09-22T00:00:00Z,2022,EF,Bluegill,75,0,
POCL,2022-09-22T00:00:00Z,2022,EF,Bluegill,80,0,
POCL,2022-09-22T00:00:00Z,2022,EF,Bluegill,80,0,
POCL,2022-09-22T00:00:00Z,2022,EF,Bluegill,80,0,
POCL,2022-09-22T00:00:00Z,2022,EF,Bluegill,80,0,
POCL,2022-09-22T00:00:00Z,2022,EF,Bluegill,80,0,
POCL,2022-09-22T00:00:00Z,2022,EF,Bluegill,80,0,
POCL,2022-09-22T00:00:00Z,2022,EF,Bluegill,80,0,
POCL,2022-09-22T00:00:00Z,2022,EF,Bluegill,85,0,
POCL,2022-09-22T00:00:00Z,2022,EF,Bluegill,86,0,
POCL,2022-09-22T00:00:00Z,2022,EF,Bluegill,86,0,
POCL,2022-09-22T00:00:00Z,2022,EF,Bluegill,89,0,
POCL,2022-09-22T00:00:00Z,2022,EF,Bluegill,90,0,
POCL,2022-09-22T00:00:00Z,2022,EF,Bluegill,90,0,
POCL,2022-09-22T00:00:00Z,2022,EF,Bluegill,90,0,
POCL,2022-09-22T00:00:00Z,2022,EF,Bluegill,90,0,
POCL,2022-09-22T00:00:00Z,2022,EF,Bluegill,90,0,
POCL,2022-09-22T00:00:00Z,2022,EF,Bluegill,90,0,
POCL,2022-09-22T00:00:00Z,2022,EF,Bluegill,90,0,
POCL,2022-09-22T00:00:00Z,2022,EF,Bluegill,90,0,
POCL,2022-09-22T00:00:00Z,2022,EF,Bluegill,90,0,
POCL,2022-09-22T00:00:00Z,2022,EF,Bluegill,90,0,
POCL,2022-09-22T00:00:00Z,2022,EF,Bluegill,90,0,
POCL,2022-09-22T00:00:00Z,2022,EF,Bluegill,90,0,
POCL,2022-09-22T00:00:00Z,2022,EF,Bluegill,90,0,
POCL,2022-09-22T00:00:00Z,2022,EF,Bluegill,90,0,
POCL,2022-09-22T00:00:00Z,2022,EF,Bluegill,90,0,
POCL,2022-09-22T00:00:00Z,2022,EF,Bluegill,90,0,
POCL,2022-09-22T00:00:00Z,2022,EF,Bluegill,92,0,
POCL,2022-09-22T00:00:00Z,2022,EF,Bluegill,95,0,
POCL,2022-09-22T00:00:00Z,2022,EF,Bluegill,95,0,
POCL,2022-09-22T00:00:00Z,2022,EF,Bluegill,95,0,
POCL,2022-09-22T00:00:00Z,2022,EF,Bluegill,100,0,
POCL,2022-09-22T00:00:00Z,2022,EF,Bluegill,100,0,
POCL,2022-09-22T00:00:00Z,2022,EF,Bluegill,100,0,
POCL,2022-09-22T00:00:00Z,2022,EF,Bluegill,100,0,
POCL,2022-09-22T00:00:00Z,2022,EF,Bluegill,100,0,
POCL,2022-09-22T00:00:00Z,2022,EF,Bluegill,101,0,
POCL,2022-09-22T00:00:00Z,2022,EF,Bluegill,105,0,
POCL,2022-09-22T00:00:00Z,2022,EF,Bluegill,110,0,
POCL,2022-09-22T00:00:00Z,2022,EF,Bluegill,110,0,
POCL,2022-09-22T00:00:00Z,2022,EF,Bluegill,110,0,
POCL,2022-09-22T00:00:00Z,2022,EF,Bluegill,110,0,
POCL,2022-09-22T00:00:00Z,2022,EF,Bluegill,110,0,
POCL,2022-09-22T00:00:00Z,2022,EF,Bluegill,110,0,
POCL,2022-09-22T00:00:00Z,2022,EF,Bluegill,110,0,
POCL,2022-09-22T00:00:00Z,2022,EF,Bluegill,110,0,
POCL,2022-09-22T00:00:00Z,2022,EF,Bluegill,110,0,
POCL,2022-09-22T00:00:00Z,2022,EF,Bluegill,110,0,
POCL,2022-09-22T00:00:00Z,2022,EF,Bluegill,114,0,
POCL,2022-09-22T00:00:00Z,2022,EF,Bluegill,115,0,
POCL,2022-09-22T00:00:00Z,2022,EF,Bluegill,115,0,
POCL,2022-09-22T00:00:00Z,2022,EF,Bluegill,115,0,
POCL,2022-09-22T00:00:00Z,2022,EF,Bluegill,115,0,
POCL,2022-09-22T00:00:00Z,2022,EF,Bluegill,115,0,
POCL,2022-09-22T00:00:00Z,2022,EF,Bluegill,115,0,
POCL,2022-09-22T00:00:00Z,2022,EF,Bluegill,115,0,
POCL,2022-09-22T00:00:00Z,2022,EF,Bluegill,116,0,
POCL,2022-09-22T00:00:00Z,2022,EF,Bluegill,116,0,
POCL,2022-09-22T00:00:00Z,2022,EF,Bluegill,119,0,
POCL,2022-09-22T00:00:00Z,2022,EF,Bluegill,120,0,
POCL,2022-09-22T00:00:00Z,2022,EF,Bluegill,120,0,
POCL,2022-09-22T00:00:00Z,2022,EF,Bluegill,120,0,
POCL,2022-09-22T00:00:00Z,2022,EF,Bluegill,120,0,
POCL,2022-09-22T00:00:00Z,2022,EF,Bluegill,120,0,
POCL,2022-09-22T00:00:00Z,2022,EF,Bluegill,120,0,
POCL,2022-09-22T00:00:00Z,2022,EF,Bluegill,120,0,
POCL,2022-09-22T00:00:00Z,2022,EF,Bluegill,120,0,
POCL,2022-09-22T00:00:00Z,2022,EF,Bluegill,120,0,
POCL,2022-09-22T00:00:00Z,2022,EF,Bluegill,120,0,
POCL,2022-09-22T00:00:00Z,2022,EF,Bluegill,120,0,
POCL,2022-09-22T00:00:00Z,2022,EF,Bluegill,120,0,
POCL,2022-09-22T00:00:00Z,2022,EF,Bluegill,120,0,
POCL,2022-09-22T00:00:00Z,2022,EF,Bluegill,120,0,
POCL,2022-09-22T00:00:00Z,2022,EF,Bluegill,120,0,
POCL,2022-09-22T00:00:00Z,2022,EF,Bluegill,120,0,
POCL,2022-09-22T00:00:00Z,2022,EF,Bluegill,123,0,
POCL,2022-09-22T00:00:00Z,2022,EF,Bluegill,124,0,
POCL,2022-09-22T00:00:00Z,2022,EF,Bluegill,125,0,
POCL,2022-09-22T00:00:00Z,2022,EF,Bluegill,129,0,
POCL,2022-09-22T00:00:00Z,2022,EF,Bluegill,129,0,
POCL,2022-09-22T00:00:00Z,2022,EF,Bluegill,130,0,
POCL,2022-09-22T00:00:00Z,2022,EF,Bluegill,130,0,
POCL,2022-09-22T00:00:00Z,2022,EF,Bluegill,130,0,
POCL,2022-09-22T00:00:00Z,2022,EF,Bluegill,130,0,
POCL,2022-09-22T00:00:00Z,2022,EF,Bluegill,130,0,
POCL,2022-09-22T00:00:00Z,2022,EF,Bluegill,130,0,
POCL,2022-09-22T00:00:00Z,2022,EF,Bluegill,130,0,
POCL,2022-09-22T00:00:00Z,2022,EF,Bluegill,130,0,
POCL,2022-09-22T00:00:00Z,2022,EF,Bluegill,130,0,
POCL,2022-09-22T00:00:00Z,2022,EF,Bluegill,132,0,
POCL,2022-09-22T00:00:00Z,2022,EF,Bluegill,132,0,
POCL,2022-09-22T00:00:00Z,2022,EF,Bluegill,135,0,
POCL,2022-09-22T00:00:00Z,2022,EF,Bluegill,135,0,
POCL,2022-09-22T00:00:00Z,2022,EF,Bluegill,135,0,
POCL,2022-09-22T00:00:00Z,2022,EF,Bluegill,135,0,
POCL,2022-09-22T00:00:00Z,2022,EF,Bluegill,135,0,
POCL,2022-09-22T00:00:00Z,2022,EF,Bluegill,137,0,
POCL,2022-09-22T00:00:00Z,2022,EF,Bluegill,138,0,
POCL,2022-09-22T00:00:00Z,2022,EF,Bluegill,139,0,
POCL,2022-09-22T00:00:00Z,2022,EF,Bluegill,140,0,
POCL,2022-09-22T00:00:00Z,2022,EF,Bluegill,140,0,
POCL,2022-09-22T00:00:00Z,2022,EF,Bluegill,140,0,
POCL,2022-09-22T00:00:00Z,2022,EF,Bluegill,140,0,
POCL,2022-09-22T00:00:00Z,2022,EF,Bluegill,140,0,
POCL,2022-09-22T00:00:00Z,2022,EF,Bluegill,140,0,
POCL,2022-09-22T00:00:00Z,2022,EF,Bluegill,140,0,
POCL,2022-09-22T00:00:00Z,2022,EF,Bluegill,140,0,
POCL,2022-09-22T00:00:00Z,2022,EF,Bluegill,140,0,
POCL,2022-09-22T00:00:00Z,2022,EF,Bluegill,140,0,
POCL,2022-09-22T00:00:00Z,2022,EF,Bluegill,140,0,
POCL,2022-09-22T00:00:00Z,2022,EF,Bluegill,145,0,
POCL,2022-09-22T00:00:00Z,2022,EF,Bluegill,145,0,
POCL,2022-09-22T00:00:00Z,2022,EF,Bluegill,150,0,
POCL,2022-09-22T00:00:00Z,2022,EF,Bluegill,150,0,
POCL,2022-09-22T00:00:00Z,2022,EF,Bluegill,150,0,
POCL,2022-09-22T00:00:00Z,2022,EF,Bluegill,150,0,
POCL,2022-09-22T00:00:00Z,2022,EF,Redear Sunfish,155,0,
PTSB,2022-09-06T00:00:00Z,2022,EF,Redear Sunfish,112,0,
PTSB,2022-09-06T00:00:00Z,2022,EF,Redear Sunfish,120,0,
PTSB,2022-09-06T00:00:00Z,2022,EF,Redear Sunfish,114,0,
PTSB,2022-09-06T00:00:00Z,2022,EF,Redear Sunfish,119,0,
PTSB,2022-09-06T00:00:00Z,2022,EF,Redear Sunfish,110,0,
PTSB,2022-09-06T00:00:00Z,2022,EF,Redear Sunfish,112,0,
PTSB,2022-09-06T00:00:00Z,2022,EF,Redear Sunfish,172,0,
PTSB,2022-09-06T00:00:00Z,2022,EF,Redear Sunfish,74,0,
PTSB,2022-09-06T00:00:00Z,2022,EF,Bluegill,59,0,
PTSB,2022-09-06T00:00:00Z,2022,EF,Redear Sunfish,117,0,
PTSB,2022-09-06T00:00:00Z,2022,EF,Redear Sunfish,110,0,
PTSB,2022-09-06T00:00:00Z,2022,EF,Bluegill,110,0,
PTSB,2022-09-06T00:00:00Z,2022,EF,Bluegill,90,0,
PTSB,2022-09-06T00:00:00Z,2022,EF,Bluegill,90,0,
PTSB,2022-09-06T00:00:00Z,2022,EF,Bluegill,90,0,
PTSB,2022-09-06T00:00:00Z,2022,EF,Bluegill,90,0,
PTSB,2022-09-06T00:00:00Z,2022,EF,Bluegill,70,0,
PTSB,2022-09-06T00:00:00Z,2022,EF,Bluegill,70,0,
PTSB,2022-09-06T00:00:00Z,2022,EF,Bluegill,70,0,
PTSB,2022-09-06T00:00:00Z,2022,EF,Bluegill,70,0,
PTSB,2022-09-06T00:00:00Z,2022,EF,Bluegill,80,0,
PTSB,2022-09-06T00:00:00Z,2022,EF,Bluegill,80,0,
PTSB,2022-09-06T00:00:00Z,2022,EF,Bluegill,80,0,
PTSB,2022-09-06T00:00:00Z,2022,EF,Bluegill,80,0,
PTSB,2022-09-06T00:00:00Z,2022,EF,Bluegill,80,0,
PTSB,2022-09-06T00:00:00Z,2022,EF,Bluegill,80,0,
PTSB,2022-09-06T00:00:00Z,2022,EF,Bluegill,80,0,
PTSB,2022-09-06T00:00:00Z,2022,EF,Bluegill,80,0,
PTSB,2022-09-06T00:00:00Z,2022,EF,Bluegill,80,0,
PTSB,2022-09-06T00:00:00Z,2022,EF,Bluegill,80,0,
PTSB,2022-09-06T00:00:00Z,2022,EF,Bluegill,80,0,
PTSB,2022-09-06T00:00:00Z,2022,EF,Bluegill,50,0,
PTSB,2022-09-06T00:00:00Z,2022,EF,Bluegill,50,0,
PTSB,2022-09-06T00:00:00Z,2022,EF,Bluegill,50,0,
PTSB,2022-09-06T00:00:00Z,2022,EF,Bluegill,90,0,
PTSB,2022-09-06T00:00:00Z,2022,EF,Bluegill,90,0,
PTSB,2022-09-06T00:00:00Z,2022,EF,Bluegill,90,0,
PTSB,2022-09-06T00:00:00Z,2022,EF,Redear Sunfish,70,0,
PTSB,2022-09-06T00:00:00Z,2022,EF,Bluegill,70,0,
PTSB,2022-09-06T00:00:00Z,2022,EF,Bluegill,70,0,
PTSB,2022-09-06T00:00:00Z,2022,EF,Bluegill,70,0,
PTSB,2022-09-06T00:00:00Z,2022,EF,Bluegill,70,0,
PTSB,2022-09-06T00:00:00Z,2022,EF,Bluegill,70,0,
PTSB,2022-09-06T00:00:00Z,2022,EF,Bluegill,70,0,
PTSB,2022-09-06T00:00:00Z,2022,EF,Bluegill,80,0,
PTSB,2022-09-06T00:00:00Z,2022,EF,Bluegill,80,0,
PTSB,2022-09-06T00:00:00Z,2022,EF,Bluegill,50,0,
PTSB,2022-09-06T00:00:00Z,2022,EF,Bluegill,50,0,
PTSB,2022-09-06T00:00:00Z,2022,EF,Bluegill,90,0,
PTSB,2022-09-06T00:00:00Z,2022,EF,Bluegill,90,0,
PTSB,2022-09-06T00:00:00Z,2022,EF,Bluegill,50,0,
PTSB,2022-09-06T00:00:00Z,2022,EF,Bluegill,50,0,
PTSB,2022-09-06T00:00:00Z,2022,EF,Redear Sunfish,60,0,
PTSB,2022-09-06T00:00:00Z,2022,EF,Redear Sunfish,60,0,
PTSB,2022-09-06T00:00:00Z,2022,EF,Bluegill,60,0,
PTSB,2022-09-06T00:00:00Z,2022,EF,Bluegill,60,0,
PTSB,2022-09-06T00:00:00Z,2022,EF,Bluegill,80,0,
PTSB,2022-09-06T00:00:00Z,2022,EF,Bluegill,80,0,
PTSB,2022-09-06T00:00:00Z,2022,EF,Redear Sunfish,70,0,
PTSB,2022-09-06T00:00:00Z,2022,EF,Redear Sunfish,70,0,
ZPCB,2022-09-28T00:00:00Z,2022,EF,Bluegill,143,0,
ZPCB,2022-09-28T00:00:00Z,2022,EF,Redear Sunfish,83,0,
ZPCB,2022-09-28T00:00:00Z,2022,EF,Bluegill,152,0,
ZPCB,2022-09-28T00:00:00Z,2022,EF,Bluegill,154,0,
ZPCB,2022-09-28T00:00:00Z,2022,EF,Bluegill,146,0,
ZPCB,2022-09-28T00:00:00Z,2022,EF,Bluegill,22,0,
ZPCB,2022-09-28T00:00:00Z,2022,EF,Bluegill,151,0,
ZPCB,2022-09-28T00:00:00Z,2022,EF,Bluegill,182,0,
ZPCB,2022-09-28T00:00:00Z,2022,EF,Bluegill,150,0,
ZPCB,2022-09-28T00:00:00Z,2022,EF,Bluegill,159,0,
ZPCB,2022-09-28T00:00:00Z,2022,EF,Redear Sunfish,86,0,
ZPCB,2022-09-28T00:00:00Z,2022,EF,Bluegill,30,0,
ZPCB,2022-09-28T00:00:00Z,2022,EF,Bluegill,133,0,
ZPCB,2022-09-28T00:00:00Z,2022,EF,Redear Sunfish,82,0,
ZPCB,2022-09-28T00:00:00Z,2022,EF,Bluegill,152,0,
ZPCB,2022-09-28T00:00:00Z,2022,EF,Bluegill,163,0,
ZPCB,2022-09-28T00:00:00Z,2022,EF,Bluegill,148,0,
ZPCB,2022-09-28T00:00:00Z,2022,EF,Bluegill,147,0,
ZPCB,2022-09-28T00:00:00Z,2022,EF,Bluegill,138,0,
ZPCB,2022-09-28T00:00:00Z,2022,EF,Bluegill,132,0,
ZPCB,2022-09-28T00:00:00Z,2022,EF,Bluegill,150,0,
ZPCB,2022-09-28T00:00:00Z,2022,EF,Redear Sunfish,259,0,
ZPCB,2022-09-28T00:00:00Z,2022,EF,Bluegill,151,0,
ZPCB,2022-09-28T00:00:00Z,2022,EF,Bluegill,143,0,
ZPCB,2022-09-28T00:00:00Z,2022,EF,Bluegill,136,0,
ZPCB,2022-09-28T00:00:00Z,2022,EF,Bluegill,156,0,
ZPCB,2022-09-28T00:00:00Z,2022,EF,Bluegill,142,0,
ZPCB,2022-09-28T00:00:00Z,2022,EF,Bluegill,135,0,
ZPCB,2022-09-28T00:00:00Z,2022,EF,Bluegill,135,0,
ZPCB,2022-09-28T00:00:00Z,2022,EF,Bluegill,141,0,
ZPCB,2022-09-28T00:00:00Z,2022,EF,Redear Sunfish,210,0,
ZPCB,2022-09-28T00:00:00Z,2022,EF,Bluegill,20,0,
ZPCB,2022-09-28T00:00:00Z,2022,EF,Bluegill,178,0,
ZPCB,2022-09-28T00:00:00Z,2022,EF,Bluegill,136,0,
ZPCB,2022-09-28T00:00:00Z,2022,EF,Bluegill,153,0,
ZPCB,2022-09-28T00:00:00Z,2022,EF,Bluegill,146,0,
ZPCB,2022-09-28T00:00:00Z,2022,EF,Bluegill,139,0,
ZPCB,2022-09-28T00:00:00Z,2022,EF,Bluegill,135,0,
ZPCB,2022-09-28T00:00:00Z,2022,EF,Bluegill,138,0,
ZPCB,2022-09-28T00:00:00Z,2022,EF,Bluegill,133,0,
ZPCB,2022-09-28T00:00:00Z,2022,EF,Bluegill,137,0,
ZPCB,2022-09-28T00:00:00Z,2022,EF,Bluegill,147,0,
ZPCB,2022-09-28T00:00:00Z,2022,EF,Bluegill,144,0,
ZPCB,2022-09-28T00:00:00Z,2022,EF,Bluegill,134,0,
ZPCB,2022-09-28T00:00:00Z,2022,EF,Bluegill,159,0,
ZPCB,2022-09-28T00:00:00Z,2022,EF,Bluegill,48,0,
ZPCB,2022-09-28T00:00:00Z,2022,EF,Bluegill,148,0,
ZPCB,2022-09-28T00:00:00Z,2022,EF,Bluegill,132,0,
ZPCB,2022-09-28T00:00:00Z,2022,EF,Redear Sunfish,80,0,
ZPCB,2022-09-28T00:00:00Z,2022,EF,Bluegill,144,0,
ZPCB,2022-09-28T00:00:00Z,2022,EF,Bluegill,141,0,
ZPCB,2022-09-28T00:00:00Z,2022,EF,Bluegill,142,0,
ZPCB,2022-09-28T00:00:00Z,2022,EF,Redear Sunfish,76,0,
ZPCB,2022-09-28T00:00:00Z,2022,EF,Bluegill,133,0,
ZPCB,2022-09-28T00:00:00Z,2022,EF,Bluegill,149,0,
ZPCB,2022-09-28T00:00:00Z,2022,EF,Bluegill,144,0,
ZPCB,2022-09-28T00:00:00Z,2022,EF,Bluegill,154,0,
ZPCB,2022-09-28T00:00:00Z,2022,EF,Bluegill,146,0,
ZPCB,2022-09-28T00:00:00Z,2022,EF,Bluegill,40,0,
ZPCB,2022-09-28T00:00:00Z,2022,EF,Bluegill,40,0,
ZPCB,2022-09-28T00:00:00Z,2022,EF,Bluegill,40,0,
ZPCB,2022-09-28T00:00:00Z,2022,EF,Bluegill,40,0,
ZPCB,2022-09-28T00:00:00Z,2022,EF,Bluegill,30,0,
ZPCB,2022-09-28T00:00:00Z,2022,EF,Bluegill,30,0,
ZPCB,2022-09-28T00:00:00Z,2022,EF,Bluegill,30,0,
ZPCB,2022-09-28T00:00:00Z,2022,EF,Bluegill,30,0,
ZPCB,2022-09-28T00:00:00Z,2022,EF,Bluegill,30,0,
ZPCB,2022-09-28T00:00:00Z,2022,EF,Bluegill,30,0,
ZPCB,2022-09-28T00:00:00Z,2022,EF,Bluegill,33,0,
ZPCB,2022-09-28T00:00:00Z,2022,EF,Bluegill,33,0,
ZPCB,2022-09-28T00:00:00Z,2022,EF,Bluegill,40,0,
ZPCB,2022-09-28T00:00:00Z,2022,EF,Bluegill,40,0,
